id,age_of_acquisition,word,concept
1,17.44,cassava,CASSAVA [925]
2,16.75,calabash,CALABASH [3918]
3,16,goiter,GOITER [1957]
4,15.83,turbid,TURBID [537]
5,15.29,persimmon,PERSIMMON [2044]
6,15.23,brackish,BRACKISH [70]
7,15,turmeric,TURMERIC [2842]
8,14.86,tamarind,TAMARIND [35]
9,14.71,annatto,ACHIOTE [349]
10,14.59,dowry,DOWRY [3168]
11,14.57,agave,AGAVE [3989]
12,14.56,infringe,INFRINGE [555]
13,14.53,mangrove,MANGROVE [350]
14,14.5,kapok,KAPOK TREE [2499]
15,14.5,ruminate,RUMINATE [3680]
16,14.44,scrotum,SCROTUM [2834]
17,14.33,nettle,NETTLE [33]
18,14.22,cormorant,CORMORANT [840]
19,14.2,beget,BEGET [1152]
20,14.2,taro,TARO [351]
21,14.13,estuary,ESTUARY [2286]
22,14.12,mosque,MOSQUE [1603]
23,14.08,lariat,LASSO [340]
24,14.08,millet,MILLET [931]
25,14.07,pyre,PYRE [2832]
26,14,ridgepole,RIDGEPOLE [280]
27,14,thresh,THRESH [285]
28,14,fodder,FODDER [3046]
29,14,clitoris,CLITORIS [3257]
30,13.95,coagulate,CONGEAL (BLOOD) [2395]
31,13.94,conjunctivitis,CONJUNCTIVITIS [3026]
32,13.92,sorghum,SORGHUM [347]
33,13.91,marmot,MARMOT [3719]
34,13.89,astringent,ASTRINGENT [3837]
35,13.88,coriander,CORIANDER [3241]
36,13.67,goanna,MONITOR LIZARD [3017]
37,13.64,larch,LARCH [116]
38,13.607018,braise,STEAM (VERB) [2067]
39,13.59,lotus,LOTUS [2359]
40,13.57,rattan,RATTAN [2497]
41,13.47,insolent,INSOLENT [91]
42,13.42,bandicoot,BANDICOOT [3012]
43,13.33,contemptible,CONTEMPTIBLE [1]
44,13.29,breadfruit,BREADFRUIT [2371]
45,13.22,acquit,ACQUIT [988]
46,13.21,abortion,ABORTION [3866]
47,13.2,congee,CONGEE [2049]
48,13.2,defecate,SHIT (DEFECATE) [676]
49,13.191395,bellows,BELLOWS [3658]
50,13.11,vulva,VULVA [1837]
51,13.11,obstinate,OBSTINATE [1842]
52,13.074168,hither,HITHER (HERE TO) [2925]
53,13.06,artery,ARTERY [1925]
54,13.06,prawn,PRAWNS [238]
55,13.06,lentil,LENTILS [3330]
56,13,furrow,FURROW [1794]
57,13,pestle,PESTLE [225]
58,13,headwaters,HEADWATERS [2672]
59,13,deity,DEITY [3231]
60,13,plait,PLAIT [333]
61,13,copulate,COPULATE [549]
62,12.95,abstain,ABSTAIN FROM FOOD [303]
63,12.94,hemp,HEMP [2041]
64,12.88,cuttlefish,CUTTLEFISH [2814]
65,12.84,pancreas,PANCREAS [3252]
66,12.8,whetstone,WHETSTONE [295]
67,12.8,plantain,PLANTAIN [399]
68,12.8,excreta,EXCRETA [47]
69,12.78,perjury,PERJURY [1792]
70,12.73,kingfisher,KINGFISHER [2444]
71,12.72,larynx,LARYNX [3714]
72,12.71,peccary,PECCARY [2390]
73,12.68,ulcer,ULCER [1189]
74,12.67,menstruate,MENSTRUATE [2827]
75,12.65,convey,CONVEY (A MESSAGE) [2898]
76,12.61,okra,OKRA [1737]
77,12.6,gelding,GELDING [2566]
78,12.5,condemn,CONDEMN [484]
79,12.47,buckeye,CHESTNUT TREE [1009]
80,12.47,plunder,PLUNDER [3670]
81,12.445405,flax,FLAX [3315]
82,12.44,contempt,CONTEMPT [3844]
83,12.43,castrate,GELD [29]
84,12.41,opium,OPIUM [2498]
85,12.41,bovine,BOVINE [3044]
86,12.39,cultivate,CULTIVATE [1541]
87,12.39,guava,GUAVA [3981]
88,12.38,despise,DESPISE [2715]
89,12.37,semen,SEMEN [2283]
90,12.36,wallaby,WALLABY [165]
91,12.36,sieve,SIEVE (TOOL) [3353]
92,12.33,plaintiff,PLAINTIFF [2020]
93,12.33,malaria,MALARIA [3059]
94,12.28,petrol,PETROL [2344]
95,12.27,wok,WOK [2056]
96,12.26,perspire,SWEAT (PERSPIRE) [126]
97,12.26,suffice,SUFFICE [3475]
98,12.26,ovary,OVARY [3716]
99,12.25,carcass,CARCASS [1770]
100,12.25,shaman,SHAMAN (FOLK HEALER) [394]
101,12.22,surname,SURNAME [3426]
102,12.22,glutton,GLUTTON [533]
103,12.22,adobe,ADOBE [901]
104,12.19,flail,FLAIL [3057]
105,12.17,spherical,SPHERICAL (ROUND IN THREE DIMENSIONS) [2303]
106,12.17,jackal,JACKAL [3313]
107,12.16,marrow,MARROW [1835]
108,12.11,circumcision,CIRCUMCISION [393]
109,12.11,dilute,DILUTE [550]
110,12.11,excrement,FAECES (EXCREMENT) [675]
111,12.07,resin,RESIN [664]
112,12.06,caribou,REINDEER [1876]
113,12.06,crested,ADORNED [2496]
114,12.06,pike,PIKE (FISH) [2967]
115,12.06,placenta,PLACENTA [3388]
116,12.05,omen,OMEN [107]
117,12.05,dispute,DISPUTE [3956]
118,12,scabies,SCABIES [3172]
119,12,instep,INSTEP [3736]
120,11.94,precipice,PRECIPICE [618]
121,11.9,threshold,THRESHOLD [1727]
122,11.9,mortar,MORTAR [224]
123,11.89,capon,CAPON [2567]
124,11.89,veranda,PORCH [3269]
125,11.87,obscure,OBSCURE [1764]
126,11.87,scythe,SCYTHE [20]
127,11.84,genitalia,GENITALIA [198]
128,11.84,adultery,ADULTERY [902]
129,11.83,fatigue,FATIGUE [1140]
130,11.83,sparse,SPARSE [207]
131,11.82,shrew,SHREW [3676]
132,11.8,moor,MOORLAND [2962]
133,11.78,prostitute,PROSTITUTE [1610]
134,11.78,diligent,DILIGENT [2077]
135,11.73,uvula,UVULA [2293]
136,11.72,palate,PALATE [540]
137,11.69,beech,BEECH [1950]
138,11.688758,paddy,PADDY FIELD [140]
139,11.68,leprosy,LEPROSY [3624]
140,11.67,bile,BILE [1780]
141,11.65,offspring,CHILD (DESCENDANT) [1801]
142,11.64,albatross,ALBATROSS [3796]
143,11.63,mainland,MAINLAND [166]
144,11.63,subtle,KEEN OR SUBTLE [2232]
145,11.63,lair,LAIR [2949]
146,11.6,gruel,GRUEL [1167]
147,11.6,soybean,SOYA [2027]
148,11.6,testicle,TESTICLES [797]
149,11.57,vulgar,VULGAR [1080]
150,11.57,singe,SINGE [3698]
151,11.56,rum,RUM [2833]
152,11.54,cicada,CICADA [2353]
153,11.53,amulet,AMULET [2804]
154,11.5,dialect,DIALECT [2815]
155,11.47,grindstone,GRINDSTONE [2459]
156,11.47,hostility,HOSTILITY [3955]
157,11.44,concept,CONCEPT [3966]
158,11.44,fathom,FATHOM [81]
159,11.42,defendant,DEFENDANT [1034]
160,11.42,carp,CARP (FISH) [2685]
161,11.41,outrigger,OUTRIGGER [416]
162,11.39,oath,OATH [1712]
163,11.38,granary,GRANARY [3657]
164,11.38,freeman,FREEMAN [384]
165,11.38,mead,MEAD [941]
166,11.37,conjure,CONJURE [2222]
167,11.37,sorcerer,SORCERER [823]
168,11.35,spleen,SPLEEN [1744]
169,11.35,sickle,SICKLE [341]
170,11.33,mould,MOULD [1166]
171,11.33,civet,CIVET [3157]
172,11.32,yearling,YEARLING (HORSE) [3329]
173,11.31,wombat,WOMBAT [2841]
174,11.29,dingo,DINGO [2460]
175,11.28,passionate,PASSIONATE [1880]
176,11.28,assassin,MURDERER [3871]
177,11.27,phlegm,PHLEGM [3061]
178,11.26,compound,COMPOUND [483]
179,11.25,spawn,SPAWN (VERB) [2227]
180,11.23,tapir,TAPIR [312]
181,11.22,aflame,BURNING [1428]
182,11.2,arson,ARSON [1889]
183,11.17,anus,ANUS [1935]
184,11.17,pomegranate,POMEGRANATE [3732]
185,11.15,method,METHOD [3971]
186,11.14,sperm,SPERM [1505]
187,11.11,strait,STRAIT [1661]
188,11.11,quantity,COUNT (QUANTITY) [2945]
189,11.11,petroleum,PETROLEUM [650]
190,11.1,hinder,HINDER [554]
191,11.091966,hence,FROM HERE [2927]
192,11.06,loin,LOIN [187]
193,11.05,dung,DUNG (ANIMAL FAECES) [2057]
194,11.05,ledge,LEDGE [2204]
195,11.05,clan,CLAN [302]
196,11.05,mourning,MOURNING [3673]
197,11.05,quiver,QUIVER (FOR ARROWS) [995]
198,11,pubes,PUBIC HAIR [36]
199,11,interpreter,INTERPRETER [3744]
200,11,surpass,SURPASS [402]
201,11,convict,CONVICT [983]
202,10.95,diminish,DIMINISH [1184]
203,10.95,deceit,DECEIT [13]
204,10.95,perish,DIE (FROM ACCIDENT) [2865]
205,10.94,affair,AFFAIR [2214]
206,10.94,obstruct,BLOCK (THE WAY) [2762]
207,10.93,sheath,SHEATH [3424]
208,10.9,massage,MASSAGE (SOMEBODY) [3119]
209,10.89,midwife,MIDWIFE [3859]
210,10.89,blowgun,BLOWGUN [432]
211,10.85,axle,AXLE [1769]
212,10.84,cunning,CUNNING [2335]
213,10.84,papaya,PAPAYA [2445]
214,10.84,spruce,SPRUCE [545]
215,10.84,sober,SOBER [69]
216,10.836198,birch,BIRCH [1855]
217,10.836198,pelt,PELT [3232]
218,10.81,conceal,HIDE (CONCEAL) [602]
219,10.79,anvil,ANVIL [1648]
220,10.79,persuade,PERSUADE [3645]
221,10.79,splendor,SPLENDOR [3964]
222,10.78,bladder,BLADDER [1746]
223,10.78,headgear,HEADGEAR [2130]
224,10.78,dwell,"DWELL (LIVE, RESIDE) [363]"
225,10.78,chigger,CHIGGOE (JIGGER FLEA) [438]
226,10.76,lavish,LAVISH [222]
227,10.75,accompany,ACCOMPANY [1542]
228,10.75,awl,AWL [278]
229,10.75,breastbone,BREASTBONE [2810]
230,10.75,banyan,BANYAN [346]
231,10.740285,ware,WARE [2957]
232,10.74,dandruff,DANDRUFF [576]
233,10.74,rafter,RAFTER [829]
234,10.74,rape,RAPE [953]
235,10.72,university,UNIVERSITY [2435]
236,10.72,spindle,SPINDLE [277]
237,10.72,thatch,THATCH [279]
238,10.72,barter,BARTER [370]
239,10.71,smallpox,SMALLPOX [1054]
240,10.71,cookhouse,COOKHOUSE [334]
241,10.71,depression,DEPRESSION [3877]
242,10.7,torture,TORTURE [1952]
243,10.7,keen,KEEN [39]
244,10.7,process,PROCESS [3970]
245,10.7,incisor,FRONT TOOTH (INCISOR) [442]
246,10.7,endure,ENDURE [833]
247,10.68,snare,SNARE (TRAP) [3320]
248,10.67,tether,TIE UP (TETHER) [2891]
249,10.67,crossbow,CROSSBOW [3193]
250,10.67,transparent,TRANSPARENT [3754]
251,10.67,noble,NOBLE [482]
252,10.67,ascend,GO UP (ASCEND) [705]
253,10.65,gourd,GOURD [411]
254,10.633715,marsh,MARSH [3688]
255,10.63,virgin,VIRGIN [2298]
256,10.61,bewitch,BEWITCH [118]
257,10.61,ravine,RAVINE [1930]
258,10.591087,sulphur,SULPHUR [3386]
259,10.59,mast,MAST [184]
260,10.58,logic,LOGIC [2429]
261,10.56,mountainous,MOUNTAINOUS [3755]
262,10.56,manatee,AMAZONIAN MANATEE [3995]
263,10.55,fishnet,FISHNET [388]
264,10.53,nape,NAPE (OF NECK) [1347]
265,10.53,chisel,CHISEL [1979]
266,10.53,lynx,LYNX [3314]
267,10.53,retreat,RETREAT [421]
268,10.53,misfortune,BAD LUCK [56]
269,10.516488,mason,MASON [877]
270,10.5,broad,BROAD [2531]
271,10.5,sturgeon,STURGEON [3606]
272,10.5,whirlwind,WHIRLWIND [3740]
273,10.5,ember,EMBERS [67]
274,10.47,magpie,MAGPIE [2039]
275,10.47,brood,BROOD (VERB) [2075]
276,10.45,bastard,BASTARD [1947]
277,10.45,incense,INCENSE [3356]
278,10.44,debt,DEBT [1914]
279,10.42,rite,RITE [3334]
280,10.39,rudder,RUDDER [108]
281,10.39,conceive,CONCEIVE [1087]
282,10.39,menstruation,MENSTRUATION [766]
283,10.37,gnaw,GNAW [2706]
284,10.36,hawthorn,HAWTHORN [1168]
285,10.35,heron,HERON [758]
286,10.32,gecko,GECKO [2355]
287,10.32,rustle,RUSTLE (OF LEAVES) [2877]
288,10.3,fate,FATE [1688]
289,10.28,ringworm,RINGWORM [3171]
290,10.27,poplar,POPLAR [821]
291,10.26,louse,LOUSE [1392]
292,10.26,defect,DEFECT [1995]
293,10.25,chaff,CHAFF (HUSK) [2363]
294,10.21,eclipse,ECLIPSE [2285]
295,10.21,tragedy,TRAGEDY [2434]
296,10.21,trench,TRENCH (FOSSE) [2538]
297,10.21,suspicion,SUSPICION [3197]
298,10.21,pulse,PULSE [3267]
299,10.21,anxious,ANXIOUS [3869]
300,10.2,hiccough,HICCOUGH [162]
301,10.2,dense,DENSE [2239]
302,10.18,chameleon,CHAMELEON [1555]
303,10.16,triumph,TRIUMPH [3849]
304,10.15,seize,SEIZE [855]
305,10.14,savor,TASTE [2190]
306,10.14,marten,MARTEN [3739]
307,10.12,launder,LAUNDER (WASH CLOTHES) [2503]
308,10.11,sorrowful,SORROWFUL [145]
309,10.11,summit,SUMMIT [1614]
310,10.11,bitch,FEMALE DOG [2481]
311,10.06,skilful,DEXTEROUS [1824]
312,10.06,stutterer,STUTTERER [3367]
313,10.06,anaconda,ANACONDA (WATER BOA) [896]
314,10.05,resemble,RESEMBLE [1777]
315,10.036923,aspen,ASPEN [903]
316,10,pursue,PURSUE [1047]
317,10,staff,WALKING STICK [1296]
318,10,famine,FAMINE [199]
319,10,bronze,BRONZE [2313]
320,10,revolution,REVOLUTION [2431]
321,10,satisfy,PATERNAL AUNT (FATHER'S SISTER) [2691]
322,10,mussel,MUSSELS [2829]
323,10,translate,TRANSLATE [2906]
324,10,armband,ARMLET [3149]
325,10,artichoke,ARTICHOKE [3997]
326,10,corpse,CORPSE [767]
327,9.95,bran,BRAN [2362]
328,9.95,elevation,ELEVATION [2936]
329,9.95,desire,LONGING (WISH) [2960]
330,9.95,alcoholic,ALCOHOLIC (PERSON) [3867]
331,9.95,courtyard,COURTYARD [4]
332,9.94,spouse,SPOUSE [2514]
333,9.94,mallard,MALLARD [3610]
334,9.94,mongoose,MONGOOSE [3677]
335,9.94,acquire,ACQUIRE (SOMETHING) [3892]
336,9.9,system,SYSTEM [3957]
337,9.89,weave,WEAVE [133]
338,9.89,landscape,LANDSCAPE [2342]
339,9.89,khaki,KHAKI [3750]
340,9.86,cedar,BRAZILIAN CEDAR [3929]
341,9.84,blacksmith,BLACKSMITH [1001]
342,9.84,mute,MUTE [1666]
343,9.84,intact,INTACT [220]
344,9.84,treaty,TREATY [3169]
345,9.84,sculptor,SCULPTOR [914]
346,9.83,urine,URINE [1142]
347,9.83,boar,BOAR (MALE PIG) [1348]
348,9.83,buzzard,BUZZARD [1865]
349,9.83,reap,MOW [190]
350,9.83,lunatic,MAD PERSON [2321]
351,9.83,ladle,LADLE [2657]
352,9.83,negro,BLACK MAN [2806]
353,9.83,tailor,TAILOR [881]
354,9.82,ignite,LIGHT (IGNITE) [737]
355,9.8,merchant,MERCHANT [1082]
356,9.8,forge,FORGE [288]
357,9.8,barley,BARLEY [932]
358,9.79,boomerang,BOOMERANG [135]
359,9.79,sex,SEX (GENDER) [2562]
360,9.74,bribe,BRIBE (AMOUNT) [1163]
361,9.74,lard,FAT (FROM ANIMALS) [1282]
362,9.74,gunpowder,GUNPOWDER [1798]
363,9.74,shawl,SHAWL [2771]
364,9.74,plateau,PLATEAU [3988]
365,9.72,quail,QUAIL [1893]
366,9.72,thrust,THRUST [246]
367,9.72,depth,DEPTH [2534]
368,9.72,trauma,TRAUMA [3965]
369,9.72,reef,REEF [660]
370,9.71,vertical,VERTICAL [2375]
371,9.7,computer,COMPUTER [3086]
372,9.7,scenery,SCENERY [3963]
373,9.69,veil,VEIL [1151]
374,9.68,pheasant,PHEASANT [3060]
375,9.67,loincloth,LOINCLOTH [1965]
376,9.67,nerve,NERVE [2626]
377,9.67,offend,OFFEND [557]
378,9.67,sow,SOW SEEDS [748]
379,9.63,preserve,PRESERVE [1997]
380,9.6213,gong,GONG [2502]
381,9.62,migrate,MOVE AWAY [229]
382,9.61,sacrifice,SACRIFICE [1103]
383,9.61,suckle,"SUCKLE (BREASTFEED, NURSE) [2472]"
384,9.61,herdsman,HERDSMAN [263]
385,9.61,fringe,FRINGE [2989]
386,9.61,descendant,DESCENDANTS [490]
387,9.6,navel,NAVEL [1838]
388,9.6,machete,MACHETE [2680]
389,9.6,sunbath,SUNBATHE [3131]
390,9.58,tendon,TENDON [1137]
391,9.58,fragrant,FRAGRANT [376]
392,9.58,companion,COMPANION [3978]
393,9.58,cure,CURE [499]
394,9.58,sway,SWAY [573]
395,9.57,pimple,PIMPLE [1809]
396,9.568015,wages,WAGES [1122]
397,9.56,slaughter,SLAUGHTER [1796]
398,9.53,tasteless,TASTELESS [1771]
399,9.53,flatter,FLATTER [2709]
400,9.53,hitchhike,HITCHHIKE [3117]
401,9.53,govern,GOVERN [382]
402,9.53,detect,DETECT [3895]
403,9.53,yeast,YEAST [967]
404,9.5,maggot,LARVA [2640]
405,9.5,ignorant,BE IGNORANT [2651]
406,9.5,inflated,INFLATED [535]
407,9.48,womb,WOMB [804]
408,9.48,announce,ANNOUNCE [9]
409,9.47,depressed,DEPRESSED [3973]
410,9.45,emotional,EMOTIONAL [3761]
411,9.45,identity,IDENTITY [3960]
412,9.42,intention,INTENTION [1162]
413,9.42,widower,WIDOWER [1981]
414,9.42,sympathize,SYMPATHIZE [3903]
415,9.42,lagoon,LAGOON [623]
416,9.42,stallion,STALLION [936]
417,9.39,betray,BETRAY [1902]
418,9.39,ivory,IVORY [3800]
419,9.37,attentive,ATTENTIVE [1908]
420,9.37,theory,THEORY [2433]
421,9.37,gazelle,GAZELLE [5]
422,9.365532,gulf,GULF [608]
423,9.35,crayfish,CRAYFISH [467]
424,9.33,torso,TORSO [2667]
425,9.33,kidney,KIDNEY [489]
426,9.33,refuse,REFUSE [49]
427,9.32,unpleasant,UNPLEASANT [26]
428,9.32,port,PORT [610]
429,9.31,ewe,EWE [1345]
430,9.3,ambush,AMBUSH [65]
431,9.29,avocado,AVOCADO [3725]
432,9.28,gloomy,GLOOMY [1552]
433,9.28,bamboo,BAMBOO [1927]
434,9.28,intestine,INTESTINES [1991]
435,9.28,moisten,MOISTEN [28]
436,9.28,irrigate,IRRIGATE [3078]
437,9.28,mantis,MANTIS [3279]
438,9.28,measles,MEASLES [3389]
439,9.26,drunk,DRUNK [1463]
440,9.26,cease,CEASE [1928]
441,9.26,numb,BECOME NUMB [2216]
442,9.26,rye,RYE [23]
443,9.26,tripod,TRIPOD [2607]
444,9.26,calculate,CALCULATE [2867]
445,9.26,mold,MOLD [289]
446,9.26,effect,EFFECT [3968]
447,9.25,budge,BUDGE (ONESELF) [2861]
448,9.24,stroke,STROKE (OF PEN) [2993]
449,9.22,rabid,RABID [2203]
450,9.22,misery,MISERY [2553]
451,9.21,mourn,GRIEVE [1955]
452,9.21,lame,LAME [320]
453,9.2,imitate,IMITATE [117]
454,9.2,brawl,BRAWL (FIGHT) [2902]
455,9.19502,thus,IN THIS WAY [3413]
456,9.19,descend,GO DOWN (DESCEND) [2014]
457,9.17,election,ELECTION [240]
458,9.17,benefit,BENEFIT [2929]
459,9.17,belongings,POSSESSIONS [3860]
460,9.17,collapse,COLLAPSE [3986]
461,9.16,perch,PERCH (FISH) [2966]
462,9.16,gossip,GOSSIP [3640]
463,9.16,microscope,MICROSCOPE [4016]
464,9.14,cripple,DISABLED PERSON [3621]
465,9.11,baboon,BABOON [1197]
466,9.11,sprout,SPROUT (VERB) [2076]
467,9.11,coarse,COARSE [2151]
468,9.11,recommend,RECOMMEND [2759]
469,9.11,urge,URGE (SOMEONE) [2881]
470,9.11,relationship,RELATIONSHIP [3959]
471,9.1,accuse,ACCUSE [1814]
472,9.1,saxophone,SAXOPHONE [4024]
473,9.06,coral,CORAL ROCK [3179]
474,9.06,headdress,HEADDRESS [331]
475,9.06,elm,ELM [3317]
476,9.05,herb,HERB [2542]
477,9.05,blacken,BLACKEN [2808]
478,9.05,inherit,INHERIT [3664]
479,9.05,brass,BRASS [3743]
480,9.05,severe,SEVERE [419]
481,9.05,nipple,NIPPLE [796]
482,9.05,joint,JOINT [999]
483,9,widow,WIDOW [1756]
484,9,puma,PUMA [1891]
485,9,investigate,INVESTIGATE [2010]
486,9,emu,EMU [2817]
487,9,hire,HIRE OR RENT [3213]
488,9,alcohol,ALCOHOL (FERMENTED DRINK) [404]
489,8.98188,budgerigar,BUDGERIGAR [3720]
490,8.95,threaten,THREATEN [1192]
491,8.95,extinguish,EXTINGUISH [127]
492,8.95,whirlpool,WHIRLPOOL [1982]
493,8.95,grub,GRUB [3011]
494,8.95,pride,PRIDE [3915]
495,8.94,porpoise,PORPOISE [114]
496,8.94,current,CURRENT (STREAM) [2935]
497,8.94,shriek,SHRIEK [298]
498,8.94,trillion,TRILLION [3602]
499,8.94,tax,TAX [873]
500,8.939252,judgment,JUDGMENT [1067]
501,8.907281,bore,BORE [1501]
502,8.907281,finch,FINCH [3721]
503,8.9,divorce,DIVORCE [1134]
504,8.9,idle,IDLE [2756]
505,8.9,graze,GRAZE [3058]
506,8.9,grate,GRATE (SOMETHING) [3114]
507,8.89,suffer,SUFFER [1101]
508,8.89,vulture,VULTURE [1185]
509,8.89,vagina,VAGINA [1836]
510,8.89,collarbone,COLLARBONE [1994]
511,8.89,recognize,RECOGNIZE (SOMEBODY) [2870]
512,8.89,lilac,LILAC [3752]
513,8.86,surface,SURFACE [547]
514,8.85,scale,SCALES (MEASURE INSTRUMENT) [2783]
515,8.85,judge,JUDGE [861]
516,8.84,ridge,RIDGE [1748]
517,8.84,drag,DRAG [2030]
518,8.84,ability,ABILITY [2527]
519,8.84,poncho,PONCHO [327]
520,8.84,padlock,PADLOCK [336]
521,8.84,floral,FLORAL [3756]
522,8.84,cowardly,COWARDLY [3812]
523,8.84,mare,MARE [938]
524,8.83,appearance,APPEARANCE [1017]
525,8.83,clothe,PUT ON [158]
526,8.83,motionless,MOTIONLESS [1636]
527,8.83,frighten,FRIGHTEN [252]
528,8.811368,nightingale,NIGHTINGALE [3723]
529,8.81,bitter,BITTER [887]
530,8.8,macaw,MACAW [1630]
531,8.8,knead,KNEAD [274]
532,8.79,doubt,DOUBT [1308]
533,8.79,decay,ROT [2907]
534,8.79,murder,MURDER [845]
535,8.79,temple,TEMPLE [911]
536,8.78,beam,BEAM [1132]
537,8.78,loom,LOOM [1787]
538,8.78,stutter,STUTTER [1866]
539,8.779397,reed,REED [659]
540,8.76,wealth,WEALTH [2996]
541,8.76,opossum,OPOSSUM [309]
542,8.75,fir,FIR [1915]
543,8.75,tread,TREAD [575]
544,8.74,foreign,FOREIGN [109]
545,8.74,witness,WITNESS [1144]
546,8.74,request,ASK (REQUEST) [1828]
547,8.74,dusk,DUSK [2297]
548,8.74,piranha,PIRANHA [317]
549,8.74,badger,BADGER [3717]
550,8.74,defeat,DEFEAT [782]
551,8.72,pity,PITY [1141]
552,8.72,search,LOOK FOR [1468]
553,8.72,identical,IDENTICAL [2276]
554,8.72,hoe,HOE [284]
555,8.72,assemble,ASSEMBLE (GET TOGETHER) [3638]
556,8.7,society,SOCIETY [3958]
557,8.7,groan,GROAN [716]
558,8.69,buckwheat,BUCKWHEAT [2040]
559,8.69,abacus,ABACUS [2489]
560,8.69,toucan,TOUCAN [308]
561,8.68,cashew,CASHEW [2441]
562,8.68,swarm,SWARM (OF BIRDS) [2974]
563,8.68,deceive,DECEIVE [3230]
564,8.68,official,OFFICIAL [3361]
565,8.68,flirt,FLIRT [494]
566,8.68,skilled,SKILLED [807]
567,8.67,shear,SHEAR [1532]
568,8.67,command,COMMAND [1998]
569,8.67,slope,SLOPE [3076]
570,8.67,fern,FERN [3802]
571,8.67,sling,SLING [387]
572,8.67,bay,BAY [663]
573,8.67,locust,LOCUST [810]
574,8.65,plot,PLOT [2024]
575,8.65,forearm,LOWER ARM [446]
576,8.63,hedgehog,HEDGEHOG [1797]
577,8.63,husk,RICE HUSK [2501]
578,8.63,insult,INSULT [3204]
579,8.63,encounter,ENCOUNTER (MEET) [3904]
580,8.63,strain,STRAIN [940]
581,8.63,hunchback,HUNCHBACK [99]
582,8.61,poet,POET [1045]
583,8.61,stepdaughter,STEPDAUGHTER [1058]
584,8.61,fatness,FAT (OBESE) [1279]
585,8.61,ancestor,ANCESTORS [1669]
586,8.61,abuse,ABUSE [1953]
587,8.61,rejoice,REJOICE [2192]
588,8.61,accordion,ACCORDION [2603]
589,8.61,owe,OWE [369]
590,8.608885,armadillo,ARMADILLO [1885]
591,8.6,prevent,PREVENT [1550]
592,8.58,suspect,SUSPECT [1841]
593,8.58,conduct,CONDUCT [3111]
594,8.58,warehouse,WAREHOUSE [3399]
595,8.57,nit,NIT [267]
596,8.57,compare,COMPARE [3429]
597,8.56,liver,LIVER [1224]
598,8.56,humid,HUMID [143]
599,8.56,raven,RAVEN [2543]
600,8.56,decrease,DECREASE [2864]
601,8.56,cackle,CACKLE [3683]
602,8.56,trout,TROUT [795]
603,8.55,lantern,LANTERN [4025]
604,8.53,release,LET GO OR SET FREE [1095]
605,8.53,penis,PENIS [1222]
606,8.53,vein,VEIN [1924]
607,8.53,slab,SLAB [2952]
608,8.53,scold,SCOLD [299]
609,8.5,approach,APPROACH [1778]
610,8.5,anteater,ANTEATER [181]
611,8.5,beeswax,BEESWAX [1931]
612,8.5,roast,ROAST (SOMETHING) [1962]
613,8.5,stethoscope,STETHOSCOPE [2599]
614,8.5,crouch,CROUCH [296]
615,8.5,avoid,AVOID [3639]
616,8.5,respect,RESPECT (SOMEBODY) [385]
617,8.5,depend,DEPEND [756]
618,8.5,government,GOVERNMENT [815]
619,8.5,washbasin,SINK (BASIN) [915]
620,8.47,flute,FLUTE [777]
621,8.47,forbid,FORBID [83]
622,8.45,muscle,MUSCLE [1004]
623,8.45,lend,LEND [582]
624,8.44903,former,FORMER [3004]
625,8.445299,potter,POTTER [359]
626,8.44,muzzle,SNOUT [2200]
627,8.44,funnel,FUNNEL [2602]
628,8.44,compass,COMPASS [2606]
629,8.44,saucer,SAUCER [271]
630,8.44,brief,SHORT (TIME) [3312]
631,8.43,farewell,GOODBYE [3554]
632,8.42,faithful,FAITHFUL [100]
633,8.42,saliva,SALIVA [1503]
634,8.42,stepfather,STEPFATHER [237]
635,8.42,courage,COURAGE [3049]
636,8.42,brook,BROOK [3821]
637,8.41,trough,TROUGH [205]
638,8.4,liquor,LIQUOR [842]
639,8.39,court,COURT [1068]
640,8.39,festival,FESTIVAL [131]
641,8.39,grief,GRIEF [1668]
642,8.39,shin,SHIN [186]
643,8.39,antelope,ANTELOPE [3674]
644,8.37,grind,GRIND [1033]
645,8.37,idol,IDOL [1945]
646,8.37,sloth,SLOTH [2446]
647,8.37,billion,BILLION [3599]
648,8.37,content,CONTENT [3967]
649,8.37,envy,ENVY [40]
650,8.37,shuttle,SHUTTLE [543]
651,8.36,custom,CUSTOM [1747]
652,8.35,boundary,BOUNDARY [1010]
653,8.35,bland,LIGHT (IN TASTE) [2181]
654,8.35,exchange,EXCHANGE [2509]
655,8.35,desert,DESERT [3687]
656,8.34246,yam,YAM [410]
657,8.33,law,LAW [1062]
658,8.33,flee,FLEE [956]
659,8.32,abandon,ABANDON [1097]
660,8.32,ram,RAM [1344]
661,8.32,quarrel,QUARREL [1848]
662,8.32,disappointment,DISAPPOINTMENT [3845]
663,8.310489,moss,MOSS [637]
664,8.3,eggplant,AUBERGINE [1146]
665,8.3,flesh,FLESH [2259]
666,8.3,horizon,HORIZON [2287]
667,8.3,trunk,TREE TRUNK [344]
668,8.3,hesitate,HESITATE [3629]
669,8.28,arrange,ARRANGE [1568]
670,8.28,lack,LACK (NOT HAVE) [2329]
671,8.28,intelligent,SMART [2530]
672,8.28,noose,NOOSE [2604]
673,8.28,tortilla,TORTILLA [3991]
674,8.26,pillar,COLUMN [2045]
675,8.26,erupt,ERUPT [3112]
676,8.26,arch,ARCH [876]
677,8.25,cautious,CAREFUL [2758]
678,8.25,warrior,WARRIOR [3608]
679,8.246547,coop,HENHOUSE [3401]
680,8.22,boast,BOAST [101]
681,8.22,rabies,RABIES [2206]
682,8.22,mango,MANGO [2398]
683,8.22,disturb,DISTURB [2883]
684,8.22,gap,GAP (DISTANCE) [2948]
685,8.22,result,RESULT [3969]
686,8.22,suitcase,SUITCASE [4005]
687,8.22,pelican,PELICAN [472]
688,8.22,disgrace,DISGRACE [75]
689,8.21,chopper,KITCHEN KNIFE [2772]
690,8.21,file,FILE (TOOL) [3407]
691,8.21,pleasure,PLEASURE [3916]
692,8.2,waken,WAKE UP [1602]
693,8.2,donate,DONATE [196]
694,8.2,grasp,GRASP [2021]
695,8.2,member,MEMBER [2424]
696,8.2,insert,INSERT [3071]
697,8.2,racket,RACKET [3096]
698,8.2,certain,CERTAIN [509]
699,8.18,wring,WRING [3224]
700,8.17,anxiety,ANXIETY [1000]
701,8.17,pipe,PIPE [1124]
702,8.17,tribe,TRIBE [1549]
703,8.17,mill,MILL [636]
704,8.17,remain,REMAIN [987]
705,8.16,succeed,SUCCEED [1112]
706,8.16,defend,DEFEND [1330]
707,8.16,exact,EXACT [1466]
708,8.16,cheetah,CHEETAH [3146]
709,8.16,agreement,AGREEMENT [3644]
710,8.16,proverb,PROVERB [3646]
711,8.15,tangerine,MANDARINE [2367]
712,8.15,horizontal,HORIZONTAL [2376]
713,8.12,molar,MOLAR TOOTH [1049]
714,8.11,spade,SPADE [1176]
715,8.11,thaw,THAW (DEW) [2887]
716,8.11,bison,BISON [3142]
717,8.11,poetry,POETRY [541]
718,8.1,hut,HUT [1678]
719,8.097349,ford,FORD (CROSSING) [2818]
720,8.076035,pierce,PIERCE [398]
721,8.06,fig,FIG [322]
722,8.06,polish,POLISH (SOMETHING) [3659]
723,8.06,muggy,MUGGY [3757]
724,8.06,shrub,SHRUB [751]
725,8.06,pupil,PUPIL (STUDENT) [753]
726,8.06,kettle,KETTLE [854]
727,8.06,wool,WOOL [964]
728,8.05,host,HOST [1545]
729,8.05,guilty,GUILTY [1682]
730,8.05,visible,VISIBLE [1868]
731,8.05,ginger,GINGER [2500]
732,8.05,surround,ENCIRCLE [3274]
733,8.05,partridge,PARTRIDGE [3681]
734,8.05,dull,BLUNT [379]
735,8.02275,confused,CONFUSED [3858]
736,8,latch,LATCH [1012]
737,8,prisoner,PRISONER [1072]
738,8,charcoal,CHARCOAL [1188]
739,8,bomb,BOMB [1804]
740,8,overcome,OVERCOME [1999]
741,8,steep,STEEP [2717]
742,8,echo,ECHO [2816]
743,8,oyster,OYSTERS [2830]
744,8,countryside,COUNTRYSIDE [3200]
745,8,creep,CREEP [3215]
746,8,ferry,FERRY [3733]
747,8,revenge,REVENGE [495]
748,8,salmon,SALMON [944]
749,7.969465,against,AGAINST [2469]
750,7.95,lightweight,LIGHT (WEIGHT) [1052]
751,7.95,swamp,SWAMP [1145]
752,7.95,pure,PURE [1147]
753,7.95,praise,PRAISE [1687]
754,7.95,copper,COPPER [1825]
755,7.95,scatter,SCATTER (SEEDS) [2064]
756,7.95,silkworm,SILKWORM [2351]
757,7.95,climate,CLIMATE [2426]
758,7.95,brilliant,BRILLIANT [3709]
759,7.95,hoarse,HOARSE [3987]
760,7.95,spark,SPARK [518]
761,7.94,stepson,STEPSON [1059]
762,7.94,yoke,YOKE [14]
763,7.94,stumble,STUMBLE [3617]
764,7.94,submarine,SUBMARINE [4022]
765,7.94,termite,TERMITE [883]
766,7.94,valley,VALLEY [921]
767,7.9,wine,WINE [1524]
768,7.9,ointment,OINTMENT [1926]
769,7.9,butcher,BUTCHER [2569]
770,7.9,cannon,CANNON [3202]
771,7.9,hail,HAIL [609]
772,7.894866,peck,PECK [3684]
773,7.89,python,PYTHON [1563]
774,7.89,servant,SERVANT [255]
775,7.89,fowl,FOWL [265]
776,7.89,tumble,TUMBLE (FALL DOWN) [2894]
777,7.89,honor,HONOR (SOMEBODY) [3628]
778,7.89,saucepan,COOKING POT [3653]
779,7.89,vase,VASE [3746]
780,7.89,livestock,LIVESTOCK [631]
781,7.89,trousers,TROUSERS [809]
782,7.873552,remains,REMAINS [838]
783,7.86,knit,KNIT [2905]
784,7.854453,chopsticks,CHOPSTICKS [1987]
785,7.85,heel,HEEL [980]
786,7.84,scorpion,SCORPION [1538]
787,7.84,torch,TORCH [1919]
788,7.84,leech,LEECH [2273]
789,7.84,reason,REASON [2968]
790,7.84,wardrobe,WARDROBE [3106]
791,7.84,lengthen,LENGTHEN [3700]
792,7.84,slave,SLAVE [812]
793,7.84,village,VILLAGE [930]
794,7.83,chime,CHIME (ACTION) [2897]
795,7.81,repair,REPAIR [2243]
796,7.8,crown,CROWN (OF HEAD) [1943]
797,7.8,deny,DENY [755]
798,7.79,coffin,COFFIN [2011]
799,7.79,flea,FLEA [232]
800,7.79,conversation,CONVERSATION [2933]
801,7.79,heap,HEAP [2984]
802,7.79,solid,SOLID [3003]
803,7.79,magenta,MAGENTA [3753]
804,7.79,stinger,STINGER [3798]
805,7.79,tattoo,TATTOO [68]
806,7.78,jaguar,JAGUAR [1250]
807,7.78,load,LOAD [1679]
808,7.78,stingy,STINGY [1774]
809,7.78,pus,PUS [1808]
810,7.78,yak,YAK [2477]
811,7.78,groom,GROOM [3282]
812,7.78,cemetery,GRAVEYARD [3284]
813,7.777639,tongs,TONGS [272]
814,7.76,tarantula,TARANTULA [3886]
815,7.75,produce,PRODUCE [2886]
816,7.75,rust,RUST [3064]
817,7.75,strike,STRIKE [353]
818,7.75,stall,STABLE [851]
819,7.74,citizen,CITIZEN [1032]
820,7.74,dash,DASH (OF VEHICLE) [2863]
821,7.74,herd,HERD (SOMETHING) [2885]
822,7.74,beige,BEIGE [3707]
823,7.74,sardine,SARDINE [3992]
824,7.72,annoyed,BE ANGRY [2223]
825,7.72,cricket,CRICKET [2354]
826,7.72,barrel,BARREL [2548]
827,7.72,prepare,PREPARE [2909]
828,7.72,burst,BREAK (BREAKING) [3020]
829,7.72,buttocks,BUTTOCKS [834]
830,7.711835,afterwards,AFTERWARDS [2093]
831,7.71,loose,LOOSE [2506]
832,7.70304,dominoes,DOMINOES [2594]
833,7.7,discipline,DISCIPLINE [3962]
834,7.68,circular,CIRCULAR (ROUND IN TWO DIMENSIONS) [2302]
835,7.68,steel,STEEL [2343]
836,7.68,disgust,DISGUST [2465]
837,7.68,agree,AGREE [3643]
838,7.68,knowledge,KNOWLEDGE [3874]
839,7.68,turquoise,TURQUOISE [3914]
840,7.68,linen,LINEN [916]
841,7.67,crime,CRIME [1066]
842,7.67,elder,OLD (AGED) [2112]
843,7.67,meteor,METEOROID (SHOOTING OR SHINING STAR) [2288]
844,7.67,journey,JOURNEY [2393]
845,7.67,frame,FRAME [2624]
846,7.67,tone,TONE (MUSIC) [2995]
847,7.67,damp,DAMP [2998]
848,7.67,manage,MANAGE [3073]
849,7.67,tusk,TUSK [3280]
850,7.67,almond,ALMOND [3815]
851,7.67,cigar,CIGAR [4019]
852,7.67,war,WAR [935]
853,7.649755,stork,STORK [3724]
854,7.639098,fishbone,FISHBONE [3799]
855,7.63,sugarcane,SUGAR CANE [146]
856,7.63,beggar,BEGGAR [1934]
857,7.63,crowded,CROWDED [2517]
858,7.63,charity,CHARITY [3953]
859,7.63,cruel,CRUEL [500]
860,7.63,urinate,PISS [592]
861,7.63,crop,HARVEST [611]
862,7.62,coward,COWARD [1319]
863,7.61,healthy,HEALTHY [1364]
864,7.61,iguana,IGUANA [1578]
865,7.61,surrender,SURRENDER [1696]
866,7.61,jealousy,JEALOUSY [2016]
867,7.61,pyramid,PYRAMID [2600]
868,7.59647,perhaps,PERHAPS [2278]
869,7.58,crush,CRUSH [1520]
870,7.58,sibling,SIBLING [1640]
871,7.58,flexible,FLEXIBLE [1691]
872,7.58,stump,TREE STUMP [241]
873,7.58,untruth,LIE (FALSEHOOD) [2826]
874,7.58,tame,TAME [2838]
875,7.58,connect,CONNECT [2862]
876,7.58,shoemaker,SHOEMAKER [875]
877,7.57,narrow,NARROW [1267]
878,7.57,precious,PRECIOUS [3002]
879,7.57,rot,SPOIL (BECOME SPOILED) [569]
880,7.57,earn,EARN [733]
881,7.56,drizzle,DRIZZLE [1016]
882,7.56,fool,FOOL [1438]
883,7.56,dye,DYE [157]
884,7.56,recover,RECOVER [1978]
885,7.56,admit,ADMIT [2022]
886,7.56,matter,MATTER [2150]
887,7.56,kiwi,KIWIFRUIT [3247]
888,7.56,doorpost,DOORPOST [80]
889,7.55,statue,STATUE [1002]
890,7.55,necessary,NECESSARY [1030]
891,7.55,disease,DISEASE [1986]
892,7.55,harp,HARP [2597]
893,7.543185,instantly,INSTANTLY (IMMEDIATELY) [2916]
894,7.543185,hardly,HARDLY [2926]
895,7.53,measure,MEASURE [1506]
896,7.53,greedy,GREEDY [2018]
897,7.53,chief,CHIEFTAIN [301]
898,7.53,sap,SAP [345]
899,7.53,faint,FAINT (PASS OUT) [3616]
900,7.53,shotgun,SHOTGUN [3948]
901,7.53,injure,INJURE [44]
902,7.53,earthquake,EARTHQUAKE [6]
903,7.53,victory,VICTORY [783]
904,7.52,wound,WOUND [1109]
905,7.5,owner,OWNER [1036]
906,7.5,prison,PRISON [1281]
907,7.5,clever,CLEVER [1310]
908,7.5,authority,AUTHORITY [1637]
909,7.5,unripe,UNRIPE [1958]
910,7.5,shiver,SHIVER [52]
911,7.4899,sparrow,SPARROW [1854]
912,7.4899,oats,OAT [60]
913,7.48,power,POWER [2526]
914,7.47,improve,IMPROVE (SOMETHING) [2872]
915,7.47,business,BUSINESS [2931]
916,7.47,afford,AFFORD [3893]
917,7.47,curse,CURSE [8]
918,7.47,beehive,BEEHIVE [88]
919,7.45,rare,RARE [209]
920,7.45,violin,VIOLIN [4023]
921,7.44,fine,FINE (PENALTY) [218]
922,7.44,lobster,LOBSTER [2397]
923,7.44,emperor,EMPEROR [3377]
924,7.44,hollow,HOLLOW [3701]
925,7.44,grain,GRAIN [605]
926,7.436615,goods,MERCHANDISE [3406]
927,7.42,increase,INCREASE [1041]
928,7.42,motor,MOTOR [110]
929,7.42,swell,SWELL [1573]
930,7.42,jealous,JEALOUS [2821]
931,7.42,falcon,FALCON [3258]
932,7.42,minister,MINISTER [486]
933,7.41,sesame,SESAME [2797]
934,7.41,island,ISLAND [622]
935,7.4,flow,FLOW [2003]
936,7.4,surf,SURF [3132]
937,7.4,harvest,AUTUMN OR HARVEST SEASON [3327]
938,7.393987,carpenter,CARPENTER [1042]
939,7.393987,gill,GILL [1916]
940,7.39,silk,SILK [1641]
941,7.39,centipede,CENTIPEDE [1974]
942,7.39,impatient,IMPATIENT [3885]
943,7.39,tobacco,TOBACCO [974]
944,7.38333,suddenly,SUDDENLY [2920]
945,7.38,dart,DARTS [2587]
946,7.37,nostril,NOSTRIL [1178]
947,7.37,fireplace,FIREPLACE [185]
948,7.37,dew,DEW [1977]
949,7.37,interest,INTEREST [2062]
950,7.37,starlight,STARLIGHT [2836]
951,7.37,plain,PLAIN [652]
952,7.35,raft,RAFT [1664]
953,7.35,notice,NOTICE (SOMETHING) [2893]
954,7.35,oak,OAK [644]
955,7.35,price,PRICE [657]
956,7.35,spine,SPINE [805]
957,7.33,oil,OIL (ORGANIC SUBSTANCE) [1484]
958,7.33,similar,SIMILAR [1558]
959,7.33,mole,MOLE [1907]
960,7.33,folksong,FOLK SONG [2059]
961,7.33,chat,CHAT (WITH SOMEBODY) [2903]
962,7.33,preach,PREACH [304]
963,7.32,sense,SENSE (PERCEIVE BY SENSES) [2572]
964,7.32,harmonica,HARMONICA [2590]
965,7.32,wristwatch,WRISTWATCH [3349]
966,7.32,iron,IRON [621]
967,7.3,fin,FIN [213]
968,7.3,belief,BELIEF (RELIGIOUS) [3333]
969,7.29,udder,UDDER [154]
970,7.28,bolt,BOLT (OF LIGHTNING) [2007]
971,7.28,rob,ROB (VERB) [2073]
972,7.28,hornet,HORNET [3261]
973,7.28,funeral,FUNERAL [3336]
974,7.28,complain,COMPLAIN [3642]
975,7.28,pistol,PISTOL [3881]
976,7.27676,cliff,CLIFF [992]
977,7.26,fasten,FASTEN [1094]
978,7.26,bald,BALD [1125]
979,7.26,sweat,SWEAT (SUBSTANCE) [125]
980,7.26,enemy,ENEMY [1358]
981,7.26,lovely,LOVELY [2233]
982,7.26,stem,PLANT STEM [2628]
983,7.26,inhale,INHALE [2705]
984,7.26,aluminum,ALUMINIUM [3385]
985,7.26,wrinkled,WRINKLED [380]
986,7.26,forefinger,FOREFINGER [577]
987,7.26,fame,FAME [865]
988,7.25,wart,WART [2665]
989,7.25,weasel,WEASEL [3384]
990,7.25,leather,LEATHER [629]
991,7.223475,beside,BESIDE [1816]
992,7.22,handkerchief,HANDKERCHIEF [1020]
993,7.22,braid,BRAID [1043]
994,7.22,thief,THIEF [1160]
995,7.22,ripen,RIPEN [179]
996,7.22,loosen,LOOSEN [1933]
997,7.22,annoy,MAKE ANGRY (ANNOY) [2892]
998,7.22,generous,GENEROUS [3632]
999,7.22,spear,SPEAR [945]
1000,7.21,dive,DIVE [119]
1001,7.21,swear,SWEAR [1939]
1002,7.21,wrinkle,WRINKLE [2294]
1003,7.21,familiar,FAMILIAR [3005]
1004,7.2,damage,DAMAGE (INJURY) [2947]
1005,7.2,excitement,EXCITEMENT [3846]
1006,7.2,decide,DECIDE [685]
1007,7.2,soot,SOOT [830]
1008,7.19,gravel,GRAVEL [3028]
1009,7.18,flock,FLOCK (OF ANIMALS) [2939]
1010,7.17,armor,ARMOUR [1061]
1011,7.17,uncover,UNCOVER [1108]
1012,7.17,raw,RAW [1959]
1013,7.17,rescue,RESCUE [2008]
1014,7.17,lean,LEAN (MEAT) [2219]
1015,7.17,marriage,MARRIAGE [2432]
1016,7.17,riddle,RIDDLE [2970]
1017,7.17,tank,TANK [3102]
1018,7.17,stubborn,STUBBORN [3634]
1019,7.17,serve,SERVE (SOMEONE) [3648]
1020,7.17,chimp,CHIMPANZEE [3734]
1021,7.17,earring,EARRING [770]
1022,7.17,awaken,AWAKE [825]
1023,7.17,fountain,SPRING (OF WATER) [849]
1024,7.16,divide,DIVIDE [1119]
1025,7.16,demon,DEMON [1973]
1026,7.16,future,FUTURE [2427]
1027,7.16,limp,LIMP [366]
1028,7.16,market,MARKET [633]
1029,7.16,lung,LUNG [688]
1030,7.16,altar,ALTAR [853]
1031,7.15,mumble,MUMBLE [128]
1032,7.15,army,ARMY [1561]
1033,7.15,duty,OBLIGATION (DUTY) [3471]
1034,7.14,crowd,CROWD [2023]
1035,7.14,drill,DRILL [3423]
1036,7.116905,lighter,LIGHTER [3092]
1037,7.11,rude,RUDE [1412]
1038,7.11,razor,RAZOR [151]
1039,7.11,ripe,RIPE [178]
1040,7.11,cheap,CHEAP [1887]
1041,7.11,ashamed,ASHAMED [1894]
1042,7.11,bait,BAIT [2013]
1043,7.11,hammock,HAMMOCK [2019]
1044,7.11,plow,PLOUGH (INSTRUMENT) [2154]
1045,7.11,peak,PEAK [2205]
1046,7.11,shrimp,SHRIMP [2349]
1047,7.11,escalator,ESCALATOR [2596]
1048,7.11,operate,OPERATE (MEDICINE) [3121]
1049,7.11,foggy,FOGGY [3759]
1050,7.11,eggshell,EGGSHELL [3857]
1051,7.11,honeycomb,HONEYCOMB [3947]
1052,7.11,spirit,SPIRIT [53]
1053,7.11,vinegar,VINEGAR [985]
1054,7.1,gold,GOLD [1369]
1055,7.1,priest,PRIEST [852]
1056,7.06362,ashes,ASH [646]
1057,7.06362,while,WHILE [726]
1058,7.06,thread,THREAD [1161]
1059,7.06,grave,GRAVE [1773]
1060,7.06,wreath,WREATH [2589]
1061,7.06,sole,SOLE (FOOT) [2666]
1062,7.06,bundle,BUNDLE [2943]
1063,7.06,shrink,SHRINK [54]
1064,7.06,religion,RELIGION [661]
1065,7.05,country,COUNTRY [1300]
1066,7.05,sell,SELL [1571]
1067,7.05,elk,ELK [1772]
1068,7.05,patient,PATIENT (SICK PERSON) [3375]
1069,7.010335,bud,BUD [1684]
1070,7.010335,just,JUST [84]
1071,7,wrap,WRAP [1113]
1072,7,niece,NIECE [1642]
1073,7,blind,BLIND [1653]
1074,7,decorate,DECORATE [1739]
1075,7,row,ROW [1849]
1076,7,anthill,ANTHILL [1873]
1077,7,drown,DROWN [1904]
1078,7,shallow,SHALLOW [193]
1079,7,worship,WORSHIP [257]
1080,7,whip,WHIP [2630]
1081,7,net,NET [2963]
1082,7,turnip,TURNIP [3062]
1083,7,hatch,HATCH (OUT) [3116]
1084,7,hippopotamus,HIPPOPOTAMUS [3145]
1085,7,dip,DIP [3697]
1086,7,explode,EXPLODE [3976]
1087,7,pliers,PLIERS [4003]
1088,7,dawn,DAWN [729]
1089,6.95705,guts,GUTS [1334]
1090,6.95705,enough,ENOUGH [1881]
1091,6.95705,yet,YET [2577]
1092,6.95,hummingbird,HUMMINGBIRD [1589]
1093,6.95,rotten,ROTTEN [1728]
1094,6.95,borrow,BORROW [1823]
1095,6.95,fade,FADE (LOOSE COLOR) [2704]
1096,6.95,cloak,CLOAK [326]
1097,6.95,vine,VINE [343]
1098,6.95,telescope,TELESCOPE [4012]
1099,6.95,battle,BATTLE [579]
1100,6.95,kneel,KNEEL [66]
1101,6.95,rodent,RODENT [669]
1102,6.95,weapon,WEAPONS [951]
1103,6.94,common,COMMON COLD (DISEASE) [102]
1104,6.94,orphan,ORPHAN [1149]
1105,6.94,fault,FAULT [134]
1106,6.94,east,EAST [1877]
1107,6.94,soldier,SOLDIER [1941]
1108,6.925079,shore,SHORE [113]
1109,6.903765,cape,CAPE [1662]
1110,6.9,hoof,HOOF [152]
1111,6.9,grapefruit,GRAPEFRUIT OR POMELO [3804]
1112,6.89,arise,RISE (ONESELF) [1512]
1113,6.89,flour,FLOUR [1594]
1114,6.89,whole,WHOLE [2277]
1115,6.89,garlic,GARLIC [2368]
1116,6.89,porcupine,PORCUPINE [2510]
1117,6.89,meadow,GRASSLAND [2819]
1118,6.89,pattern,PATTERN [2988]
1119,6.89,seedling,SEEDLING [3050]
1120,6.89,pitchfork,PITCHFORK [337]
1121,6.89,wander,WANDER [3666]
1122,6.89,rear,BACK OF HEAD [523]
1123,6.89,president,PRESIDENT [899]
1124,6.85,birthmark,BIRTHMARK [1751]
1125,6.85,border,BORDER [2546]
1126,6.84,fishhook,FISHHOOK [1074]
1127,6.84,leopard,LEOPARD [1139]
1128,6.84,company,COMPANIONSHIP [2983]
1129,6.84,bloom,BLOOM [3287]
1130,6.83,manner,MANNER [488]
1131,6.83,willow,WILLOW [818]
1132,6.83,deaf,DEAF [996]
1133,6.829166,peg,PEG [361]
1134,6.81,distance,DISTANCE [2978]
1135,6.81,odor,ODOR (SMELL) [3704]
1136,6.807852,sort,KIND (THING) [844]
1137,6.8,dragonfly,DRAGONFLY [2352]
1138,6.8,miracle,MIRACLE [2541]
1139,6.8,tile,TILE [3404]
1140,6.797195,straight,STRAIGHT [1404]
1141,6.79,language,LANGUAGE [1307]
1142,6.79,invite,INVITE [1611]
1143,6.79,asparagus,ASPARAGUS [2605]
1144,6.79,protect,PROTECT [2900]
1145,6.79,weed,WEED [3288]
1146,6.79,pound,POUND [354]
1147,6.79,nervous,NERVOUS [3975]
1148,6.79,wise,WISE [698]
1149,6.79,raccoon,RACCOON [828]
1150,6.79,tin,TIN (METAL) [893]
1151,6.78,hare,HARE [1190]
1152,6.78,bedbug,BEDBUG [1949]
1153,6.78,plan,PLAN [3630]
1154,6.78,criminal,CRIMINAL [3875]
1155,6.78,period,PERIOD [508]
1156,6.78,dreadful,DREADFUL [528]
1157,6.78,rattlesnake,RATTLESNAKE [871]
1158,6.775881,crane,CRANE [1830]
1159,6.765224,immediately,IMMEDIATELY [1963]
1160,6.76,pregnant,PREGNANT [1123]
1161,6.76,lead,LEAD (GUIDE) [43]
1162,6.75,apron,APRON [2046]
1163,6.74391,then,THEN [2921]
1164,6.74391,hawk,HAWK [307]
1165,6.74,cave,CAVE [1155]
1166,6.74,postcard,POSTCARD [1497]
1167,6.74,seem,SEEM [1521]
1168,6.74,chop,CHOP [155]
1169,6.74,blister,BLISTER [1584]
1170,6.74,volcano,VOLCANO [2291]
1171,6.74,joy,JOY [2524]
1172,6.74,sin,SIN [2971]
1173,6.74,vacuum,VACUUM (SOMETHING) [3135]
1174,6.74,ignore,IGNORE [41]
1175,6.733883,smoking,SMOKE (INHALE) [1689]
1176,6.722596,FALSE,FALSE [3069]
1177,6.72,raise,RAISE (BRING UP) [2134]
1178,6.72,cactus,CACTUS [2595]
1179,6.72,slippery,SLIPPERY [3702]
1180,6.72,blond,BLOND [3872]
1181,6.72,toaster,TOASTER [4010]
1182,6.72,rise,RISE (MOVE UPWARDS) [568]
1183,6.72,blade,BLADE [869]
1184,6.71,headache,HEADACHE [3625]
1185,6.71,evil,EVIL [45]
1186,6.701282,buffalo,BUFFALO [934]
1187,6.7,bullet,BULLET [1114]
1188,6.7,rush,BOLT (MOVE IN HASTE) [2860]
1189,6.7,destroy,DESTROY [681]
1190,6.690625,ninety,NINETY [1724]
1191,6.690625,robin,ROBIN [2402]
1192,6.68,olive,OLIVE [1154]
1193,6.68,office,OFFICE [2430]
1194,6.68,skeleton,SKELETON [2668]
1195,6.68,hang,HANG [2884]
1196,6.68,ski,SKI [2991]
1197,6.68,photograph,PHOTOGRAPH (SOMETHING) [3123]
1198,6.68,stocking,STOCKING [329]
1199,6.68,direction,DIRECTION [3427]
1200,6.68,punish,PUNISH [3649]
1201,6.68,tide,TIDE [891]
1202,6.68,coyote,COYOTE [912]
1203,6.679968,instead,INSTEAD [1652]
1204,6.67,appear,EMERGE (APPEAR) [1076]
1205,6.67,curved,CURVED [1698]
1206,6.67,shepherd,SHEPHERD [2544]
1207,6.67,worker,WORKER [2977]
1208,6.67,suit,SUIT [764]
1209,6.65,screw,SCREW [1802]
1210,6.65,coal,COAL [2658]
1211,6.65,scab,SCAB [2664]
1212,6.65,watery,WATERY [3545]
1213,6.65,thunderbolt,THUNDERY [3760]
1214,6.65,blouse,BLOUSE [4018]
1215,6.64,curious,CURIOUS [3633]
1216,6.63734,across,ACROSS [2670]
1217,6.63,separate,SEPARATE [1359]
1218,6.63,surprised,SURPRISED [1572]
1219,6.63,dare,DARE [1779]
1220,6.63,dove,DOVE [1853]
1221,6.63,canoe,CANOE [1970]
1222,6.63,calf,CALF [1989]
1223,6.63,deliver,DELIVER [2033]
1224,6.63,dough,DOUGH [273]
1225,6.63,amount,AMOUNT [2987]
1226,6.63,thermometer,THERMOMETER [3104]
1227,6.63,disobedient,DISOBEDIENT [3813]
1228,6.63,beverage,BEVERAGE [731]
1229,6.62,weigh,WEIGH [1098]
1230,6.61,firewood,FIREWOOD [10]
1231,6.61,worry,WORRY [150]
1232,6.61,hyena,HYENA [1799]
1233,6.61,lime,LIME (MATERIAL) [2540]
1234,6.61,cuckoo,CUCKOO [2934]
1235,6.61,fetch,FETCH [3551]
1236,6.61,catfish,CATFISH [3777]
1237,6.61,jellyfish,JELLYFISH [4017]
1238,6.61,possum,POSSUM [470]
1239,6.61,chili,CHILI PEPPER [919]
1240,6.6,breast,BREAST [1402]
1241,6.6,escape,ESCAPE [1615]
1242,6.6,thousand,THOUSAND [1843]
1243,6.6,boil,BOIL [2493]
1244,6.6,sermon,SERMON [3167]
1245,6.6,electricity,ELECTRICITY [59]
1246,6.584055,which,WHICH [727]
1247,6.58,chimney,CHIMNEY [1305]
1248,6.58,study,STUDY [1929]
1249,6.58,paddle,PADDLE [234]
1250,6.58,vehicle,VEHICLE [2549]
1251,6.58,beef,BEEF [2570]
1252,6.58,area,AREA [2980]
1253,6.58,type,TYPE (ON SOMETHING) [3134]
1254,6.58,movement,MOVEMENT [3695]
1255,6.58,flood,HIGH TIDE [613]
1256,6.58,bright,BRIGHT [679]
1257,6.58,attack,ATTACK [722]
1258,6.57,center,CENTER [491]
1259,6.56,collar,COLLAR [2012]
1260,6.56,city,CITY [2547]
1261,6.56,bulb,BULB [2617]
1262,6.56,pouch,POUCH [2951]
1263,6.55,main,MAIN [1078]
1264,6.55,north,NORTH [1598]
1265,6.55,shame,SHAME [1776]
1266,6.55,quilt,QUILT [2048]
1267,6.55,chestnut,CHESTNUT [2318]
1268,6.55,trust,TRUST (SOMEBODY) [3902]
1269,6.53077,hunter,HUNTER [1053]
1270,6.53077,without,WITHOUT [1478]
1271,6.53077,forty,FORTY [1716]
1272,6.53077,often,OFTEN [1852]
1273,6.53,wheat,WHEAT [1077]
1274,6.53,cattle,CATTLE [1153]
1275,6.53,machine,MACHINE [144]
1276,6.53,active,ACTIVE [1861]
1277,6.53,soak,SOAK (VERB) [2069]
1278,6.53,weight,WEIGHT [2466]
1279,6.53,tambourine,TAMBOURINE [3141]
1280,6.53,luck,GOOD LUCK [720]
1281,6.53,parakeet,PARAKEET [886]
1282,6.5,shield,SHIELD [1064]
1283,6.5,explain,EXPLAIN [1626]
1284,6.5,woodpecker,WOODPECKER [2447]
1285,6.5,globe,GLOBE [2588]
1286,6.5,dribble,DRIBBLE [268]
1287,6.5,bother,BOTHER (HARASS) [2869]
1288,6.5,handsome,HANDSOME [3814]
1289,6.5,master,MASTER [383]
1290,6.5,pirate,PIRATE [4015]
1291,6.5,gather,GATHER [7]
1292,6.5,waste,WASTE [79]
1293,6.5,coconut,COCONUT [970]
1294,6.48,blame,BLAME [381]
1295,6.47,eel,FRESHWATER EEL [1013]
1296,6.47,character,CHARACTER [1024]
1297,6.47,activity,WORK (ACTIVITY) [1086]
1298,6.47,equal,EQUAL [1570]
1299,6.47,relative,RELATIVES [1644]
1300,6.47,dustpan,DUSTPAN [2051]
1301,6.47,thin,THIN [2308]
1302,6.47,bit,A LITTLE [2924]
1303,6.47,million,ONE MILLION [3533]
1304,6.47,greet,GREET [3552]
1305,6.47,diamond,DIAMOND [3878]
1306,6.47,sail,SAIL [787]
1307,6.47,stream,STREAM [947]
1308,6.46,twist,TWIST [430]
1309,6.45,cranberry,CRANBERRY [3840]
1310,6.44,trap,TRAP (PITFALL) [1075]
1311,6.44,painful,PAINFUL [1129]
1312,6.44,bank,BANK [1284]
1313,6.44,mushroom,MUSHROOM [641]
1314,6.43,brick,BRICK [1006]
1315,6.43,coast,COAST [1525]
1316,6.4242,bill,BILL [1081]
1317,6.4242,these,THESE (PLURAL OF THIS) [3984]
1318,6.42,pitcher,PITCHER [120]
1319,6.42,waist,WAIST [1681]
1320,6.42,powerful,POWERFUL [3001]
1321,6.42,saddle,SADDLE [3065]
1322,6.42,ostrich,OSTRICH [3797]
1323,6.42,cornfield,CORN FIELD [449]
1324,6.42,thigh,UPPER LEG (THIGH) [471]
1325,6.42,strange,STRANGE [600]
1326,6.42,base,BASE [831]
1327,6.42,chapter,CHAPTER [835]
1328,6.42,trade,TRADE [898]
1329,6.41,rooster,ROOSTER [1511]
1330,6.4,memory,MEMORY [1018]
1331,6.4,stab,STAB [1434]
1332,6.4,press,PRESS [1913]
1333,6.4,chill,COLD (CHILL) [2932]
1334,6.39,hen,HEN [1514]
1335,6.39,lazy,LAZY [1564]
1336,6.39,firefly,FIREFLY [206]
1337,6.39,state,STATE (POLITICS) [2955]
1338,6.39,violence,VIOLENCE [2976]
1339,6.39,earwax,EARWAX [32]
1340,6.39,cupboard,CUPBOARD [3357]
1341,6.39,attach,ATTACH [3894]
1342,6.39,greasy,GREASY [955]
1343,6.39,cigarette,CIGARETTE [969]
1344,6.370915,sometimes,SOMETIMES [1544]
1345,6.37,nephew,NEPHEW [1063]
1346,6.37,board,BOARD [1227]
1347,6.37,fatty,FAT (OF MEAT AND FOOD) [2449]
1348,6.37,emotion,FEELING (EMOTION) [2573]
1349,6.37,tadpole,TADPOLE [3979]
1350,6.35,kill,KILL [1417]
1351,6.35,carve,CARVE [228]
1352,6.33,expensive,EXPENSIVE [1426]
1353,6.33,skull,SKULL [1605]
1354,6.33,miss,MISS (A TARGET) [161]
1355,6.33,tower,TOWER [1671]
1356,6.33,eyelid,EYELID [17]
1357,6.33,stepmother,STEPMOTHER [236]
1358,6.33,crooked,CROOKED [297]
1359,6.33,crack,SPLIT OPEN [3080]
1360,6.33,headband,HEADBAND [330]
1361,6.33,hiss,HISS [3685]
1362,6.33,stamp,POSTAGE STAMP [596]
1363,6.33,pasture,PASTURE [649]
1364,6.32,peace,PEACE [1338]
1365,6.32,finish,FINISH [1766]
1366,6.32,tale,FAIRY TALE [2937]
1367,6.32,message,MESSAGE [2961]
1368,6.32,flamingo,FLAMINGO [3722]
1369,6.32,rich,RICH [712]
1370,6.31763,slowly,SLOWLY [2165]
1371,6.31763,swan,SWAN [2837]
1372,6.3,handle,HANDLE [1254]
1373,6.3,flavor,FLAVOR [2938]
1374,6.3,rib,RIB [801]
1375,6.3,spoil,SPOIL (SOMEBODY OR SOMETHING) [92]
1376,6.28,fence,FENCE [1690]
1377,6.28,bury,BURY [1719]
1378,6.28,shovel,SHOVEL [1901]
1379,6.28,engine,ENGINE [2622]
1380,6.28,twig,TWIG [3222]
1381,6.28,forest,FOREST [420]
1382,6.28,trumpet,TRUMPET [775]
1383,6.275002,towards,TOWARDS [2754]
1384,6.275002,pearl,PEARL [3325]
1385,6.264345,always,ALWAYS [1676]
1386,6.26,hook,HOOK [1071]
1387,6.26,order,ORDER [1128]
1388,6.26,steam,STEAM [1193]
1389,6.26,arrive,ARRIVE [1387]
1390,6.26,test,TRY (TEST) [2571]
1391,6.26,calm,CALM [258]
1392,6.26,octopus,OCTOPUS [2581]
1393,6.26,rack,RACK (FOR STORING FOOD) [3176]
1394,6.26,kindness,KINDNESS [3468]
1395,6.25,split,SPLIT [1437]
1396,6.25,cockroach,COCKROACH [1575]
1397,6.25,guard,GUARD [1940]
1398,6.25,pineapple,PINEAPPLE [2440]
1399,6.25,envelope,ENVELOPE [3088]
1400,6.25,microphone,MICROPHONE [4014]
1401,6.25,flame,FLAME [889]
1402,6.232374,spoke,SPOKE [182]
1403,6.22,jewel,JEWEL [1029]
1404,6.22,speech,SPEECH [1115]
1405,6.22,ditch,DITCH [2002]
1406,6.22,belch,BELCH [2245]
1407,6.22,fresh,FRESH [243]
1408,6.22,blueberry,BLUEBERRY [2809]
1409,6.22,paintbrush,PAINTBRUSH [3094]
1410,6.22,breeze,BREEZE [3982]
1411,6.21,show,SHOW [1039]
1412,6.21,scrape,SCRAPE [1767]
1413,6.21,guest,GUEST [1782]
1414,6.21,rough,ROUGH [1923]
1415,6.21,strength,STRENGTH [202]
1416,6.21,stool,STOOL [2058]
1417,6.21,fog,FOG [249]
1418,6.21,tornado,TORNADO [2532]
1419,6.21,midnight,MIDNIGHT [2656]
1420,6.21,jog,JOG (SOMETHING) [2899]
1421,6.21,excited,EXCITED [3972]
1422,6.21,sting,STING [571]
1423,6.21,owl,OWL [735]
1424,6.21,silver,SILVER [759]
1425,6.2,card,CARD [2619]
1426,6.18,cauliflower,CAULIFLOWER [2843]
1427,6.179089,upon,ATOP [57]
1428,6.17,slip,SLIP [1324]
1429,6.17,understand,UNDERSTAND [1536]
1430,6.17,hip,HIP [1745]
1431,6.17,sunny,SUNNY [2340]
1432,6.17,happiness,HAPPINESS [2941]
1433,6.17,baldhead,BALDHEAD [3415]
1434,6.17,steal,STEAL [713]
1435,6.17,soul,SOUL [811]
1436,6.17,edge,EDGE [863]
1437,6.16,tire,GET TIRED [1996]
1438,6.16,walnut,WALNUT [2042]
1439,6.16,boss,BOSS [2930]
1440,6.16,news,NEWS [2964]
1441,6.16,question,QUESTION [3268]
1442,6.16,building,BUILDING [3396]
1443,6.16,sniff,SNIFF [375]
1444,6.16,nature,NATURE [3897]
1445,6.16,ambulance,AMBULANCE [4013]
1446,6.157775,well,WELL [954]
1447,6.15,beat,BEAT [1665]
1448,6.15,foam,FOAM [1768]
1449,6.15,apricot,APRICOT [3730]
1450,6.15,mountain,MOUNTAIN [639]
1451,6.14,pit,PIT (POTHOLE) [2539]
1452,6.11,choke,CHOKE [129]
1453,6.11,sharp,SHARP [1396]
1454,6.11,beer,BEER [1639]
1455,6.11,poor,POOR [1674]
1456,6.11,wild,UNTAMED OR WILD [2230]
1457,6.11,path,PATH [2252]
1458,6.11,rose,ROSE [3882]
1459,6.11,hump,HUMP [534]
1460,6.11,axe,AXE [677]
1461,6.11,toad,TOAD [894]
1462,6.10449,fifteen,FIFTEEN [1709]
1463,6.10449,felt,FELT [325]
1464,6.1,live,BE ALIVE [1422]
1465,6.1,mosquito,MOSQUITO [1509]
1466,6.1,field,FIELD [212]
1467,6.1,meaning,MEANING [2950]
1468,6.1,ornament,ORNAMENT [917]
1469,6.07,arrow,ARROW [977]
1470,6.06,twin,TWINS [1005]
1471,6.06,hunt,HUNT [1435]
1472,6.06,south,SOUTH [1595]
1473,6.06,hunger,HUNGER [1864]
1474,6.06,sunset,SUNSET [2295]
1475,6.06,problem,PROBLEM [2425]
1476,6.06,disgusting,DISGUSTING [2507]
1477,6.06,imagine,IMAGINE [3879]
1478,6.06,pill,PILL [395]
1479,6.06,thirst,THIRST [848]
1480,6.051205,hearing,HEARING (AURAL SENSE) [2518]
1481,6.05,sew,SEW [1457]
1482,6.05,dolphin,DOLPHIN [1479]
1483,6.05,tick,TICK [1527]
1484,6.05,sausage,SAUSAGE [1874]
1485,6.05,onion,ONION [2366]
1486,6.05,length,LENGTH [2537]
1487,6.05,tray,TRAY [2629]
1488,6.05,peel,PEEL [275]
1489,6.05,snap,SNAP (OF STICK) [459]
1490,6.05,season,SEASON [691]
1491,6.05,knot,KNOT [760]
1492,6.040548,baker,BAKER [2568]
1493,6,palm,PALM OF HAND [1183]
1494,6,wedding,WEDDING [1259]
1495,6,autumn,AUTUMN [1276]
1496,6,rub,RUB [1449]
1497,6,sleigh,SLED [16]
1498,6,set,SET (HEAVENLY BODIES) [160]
1499,6,earlobe,EARLOBE [18]
1500,6,cotton,COTTON [1850]
1501,6,donkey,DONKEY [1862]
1502,6,armpit,ARMPIT [1886]
1503,6,sunflower,SUNFLOWER [1956]
1504,6,rhinoceros,RHINOCEROS [2591]
1505,6,camera,CAMERA [2618]
1506,6,fingertip,FINGERTIP [2773]
1507,6,brave,BRAVE [3]
1508,6,level,LEVEL [3469]
1509,6,fail,FAIL [3861]
1510,6,team,TEAM [3961]
1511,6,anger,ANGER [82]
1512,6,screwdriver,SCREWDRIVER [836]
1513,5.99792,few,FEW [1242]
1514,5.99792,after,AFTER [1685]
1515,5.965949,thorn,THORN [124]
1516,5.95,pot,POT [1462]
1517,5.95,idea,IDEA [1609]
1518,5.95,lid,"LID (COVER, CAP) [2319]"
1519,5.95,busy,BUSY [2755]
1520,5.95,sparkle,TWINKLE [2889]
1521,5.95,lord,LORD [3153]
1522,5.95,ashtray,ASHTRAY [4028]
1523,5.95,innocent,INNOCENT [90]
1524,5.95,brake,BRAKE [966]
1525,5.95,acorn,ACORN [968]
1526,5.944635,thirty,THIRTY [1715]
1527,5.944635,together,TOGETHER [2482]
1528,5.94,pair,PAIR [1888]
1529,5.94,snore,SNORE [1983]
1530,5.94,knuckle,KNUCKLE [2824]
1531,5.94,maple,MAPLE TREE [3248]
1532,5.94,ruler,RULER [3405]
1533,5.94,pant,PANT [3614]
1534,5.94,root,ROOT [670]
1535,5.94,wrist,WRIST [799]
1536,5.94,weather,WEATHER [952]
1537,5.9,travel,TRAVEL [3665]
1538,5.89135,twice,TWICE [1546]
1539,5.89135,until,UNTIL [2753]
1540,5.89135,thought,THOUGHT [2975]
1541,5.89,noon,MIDDAY [12]
1542,5.89,female,FEMALE [1551]
1543,5.89,yolk,YOLK [1556]
1544,5.89,grandson,GRANDSON [1618]
1545,5.89,club,CLUB [1763]
1546,5.89,west,WEST [1817]
1547,5.89,calendar,CALENDAR [1967]
1548,5.89,life,LIFE [210]
1549,5.89,shave,SHAVE [231]
1550,5.89,paw,PAW [2965]
1551,5.89,lightbulb,LIGHTBULB [4000]
1552,5.89,drip,DRIP (FALL IN GLOBULES) [808]
1553,5.89,creek,CREEK (TIDAL) [990]
1554,5.88,tortoise,TORTOISE [895]
1555,5.870036,eighty,EIGHTY [1722]
1556,5.86,work,WORK (LABOUR) [984]
1557,5.85,hour,HOUR [1353]
1558,5.85,become,BECOME [1990]
1559,5.85,difficult,DIFFICULT [584]
1560,5.84,nurse,NURSE [1104]
1561,5.84,wide,WIDE [1243]
1562,5.84,tap,FAUCET [1488]
1563,5.84,fever,FEVER [1534]
1564,5.84,evening,EVENING [1629]
1565,5.84,carriage,CARRIAGE [2620]
1566,5.84,date,DATE (FRUIT) [3801]
1567,5.84,sore,SORE [51]
1568,5.84,cause,CAUSE [860]
1569,5.838065,below,BELOW OR UNDER [1485]
1570,5.838065,lay,LAY (VERB) [2071]
1571,5.83,join,JOIN [1743]
1572,5.83,eagle,EAGLE [1905]
1573,5.83,marry,MARRY [203]
1574,5.83,seahorse,SEAHORSE [2586]
1575,5.83,jug,JUG [270]
1576,5.83,sack,SACK [2990]
1577,5.83,oar,OAR [3137]
1578,5.83,vest,VEST [3140]
1579,5.83,liquid,LIQUID [58]
1580,5.816751,through,THROUGH [97]
1581,5.81,breath,BREATH [870]
1582,5.8,eyelash,EYELASH [1540]
1583,5.8,castle,FORTRESS [1938]
1584,5.8,clear,CLEAR [989]
1585,5.79,important,IMPORTANT [1285]
1586,5.79,month,MONTH [1370]
1587,5.79,visit,VISIT [1377]
1588,5.79,snail,SNAIL [1543]
1589,5.79,ache,ACHE [1815]
1590,5.79,pray,PRAY [24]
1591,5.79,channel,CHANNEL [2423]
1592,5.79,leash,LEASH [2959]
1593,5.79,growl,GROWL [3679]
1594,5.79,shine,SHINE [708]
1595,5.79,fry,FRY [991]
1596,5.78478,eleven,ELEVEN [1706]
1597,5.78478,again,AGAIN [204]
1598,5.78,camp,CAMP [1105]
1599,5.78,fart,FART [1159]
1600,5.78,butter,BUTTER [1245]
1601,5.78,mistake,MISTAKE [1293]
1602,5.78,newspaper,NEWSPAPER [1298]
1603,5.78,believe,BELIEVE [1890]
1604,5.78,lose,MISPLACE [3072]
1605,5.78,footprint,FOOTPRINT [318]
1606,5.78,beg,BEG [3534]
1607,5.78,mush,MUSH (FOOD) [3651]
1608,5.78,celery,CELERY [3727]
1609,5.78,grasshopper,GRASSHOPPER [607]
1610,5.78,find,FIND [719]
1611,5.78,shop,SHOP [746]
1612,5.78,cabbage,CABBAGE [774]
1613,5.763466,backward,BACKWARD [2911]
1614,5.763466,peacock,PEACOCK [3382]
1615,5.76,brain,BRAIN [1583]
1616,5.76,starfish,STARFISH [3032]
1617,5.742152,sixty,SIXTY [1718]
1618,5.74,gray,GREY [153]
1619,5.74,lock,LOCK [1596]
1620,5.74,moth,MOTH [2828]
1621,5.74,gorilla,GORILLA [3144]
1622,5.74,robber,ROBBER [3376]
1623,5.74,hound,HUNTING DOG [3380]
1624,5.74,crow,CROW [913]
1625,5.74,beast,WILD ANIMAL [958]
1626,5.72,match,MATCH [1133]
1627,5.72,beautiful,BEAUTIFUL [1427]
1628,5.72,anchor,ANCHOR [1870]
1629,5.72,sunrise,SUNRISE [2296]
1630,5.72,spread,SPREAD OUT [38]
1631,5.72,cucumber,CUCUMBER [496]
1632,5.71,helmet,HELMET [1680]
1633,5.69,slice,SLICE [2954]
1634,5.68,send,SEND [1127]
1635,5.68,vomit,VOMIT [1278]
1636,5.68,flat,FLAT [1633]
1637,5.68,bracelet,BRACELET [1754]
1638,5.68,piglet,PIGLET [2564]
1639,5.68,penguin,PENGUIN [2831]
1640,5.68,item,ITEM [2981]
1641,5.68,scarf,SCARF OR TURBAN [3066]
1642,5.68,umbrella,UMBRELLA [3105]
1643,5.68,scar,SCAR [497]
1644,5.68,pebble,PEBBLES [961]
1645,5.67,oven,OVEN [1143]
1646,5.67,wife,WIFE [1199]
1647,5.67,basket,BASKET [1539]
1648,5.67,skirt,SKIRT [1600]
1649,5.67,promise,PROMISE [1675]
1650,5.67,cost,COST [242]
1651,5.67,tinkle,TINKLE [2888]
1652,5.67,space,SPACE (AVAILABLE) [3006]
1653,5.67,panda,PANDA [3951]
1654,5.67,enter,ENTER [749]
1655,5.65,mule,MULE [890]
1656,5.646239,august,AUGUST [2851]
1657,5.63,male,MALE [1553]
1658,5.63,blink,BLINK [1655]
1659,5.63,bead,BEAD [1860]
1660,5.63,fan,FAN (OBJECT) [1971]
1661,5.63,pork,PORK [2769]
1662,5.63,pole,POST [281]
1663,5.63,wake,WAKE UP (SOMEONE) [3174]
1664,5.63,mighty,MIGHTY OR POWERFUL OR STRONG [3188]
1665,5.63,remember,REMEMBER [707]
1666,5.624925,same,SAME [200]
1667,5.62,friendship,FRIENDSHIP [3954]
1668,5.614268,everywhere,EVERYWHERE [2999]
1669,5.61,smooth,SMOOTH [1234]
1670,5.61,thick,THICK [1244]
1671,5.61,scratch,SCRATCH [1436]
1672,5.61,bucket,BUCKET [2052]
1673,5.61,metal,METAL [2244]
1674,5.61,sharpen,SHARPEN (SOMETHING) [251]
1675,5.61,strap,STRAP [2973]
1676,5.61,freckle,FRECKLE [530]
1677,5.61,return,COME BACK [581]
1678,5.6,mane,MANE [1918]
1679,5.6,map,MAP [2625]
1680,5.6,dangerous,DANGEROUS [3466]
1681,5.58,bridge,BRIDGE [1011]
1682,5.58,forehead,FOREHEAD [123]
1683,5.58,suck,SUCK [1421]
1684,5.58,wasp,WASP [1517]
1685,5.58,gun,GUN [1566]
1686,5.58,weak,WEAK [1601]
1687,5.58,leave,LEAVE [1752]
1688,5.58,dragon,DRAGON [2038]
1689,5.58,cherry,CHERRY [2765]
1690,5.58,poison,POISON [655]
1691,5.58,battery,BATTERY [662]
1692,5.58,stir,STIR [696]
1693,5.58,parrot,PARROT [882]
1694,5.57164,left,LEFT [244]
1695,5.56,buy,BUY [1869]
1696,5.56,bend,BEND (SOMETHING) [2224]
1697,5.56,sunglasses,SUNGLASSES [3100]
1698,5.550326,fifty,FIFTY [1717]
1699,5.550326,dear,DEAR [2470]
1700,5.55,kangaroo,KANGAROO [164]
1701,5.55,holy,HOLY [1702]
1702,5.55,howl,HOWL [526]
1703,5.55,hospital,HOSPITAL [616]
1704,5.53,shoot,SHOOT [1172]
1705,5.53,husband,HUSBAND [1200]
1706,5.53,cap,CAP [1288]
1707,5.53,bone,BONE [1394]
1708,5.53,hate,HATE [1607]
1709,5.53,pine,PINE [1740]
1710,5.53,check,CHECK [1975]
1711,5.53,chick,CHICK [2512]
1712,5.53,ready,READY [790]
1713,5.529012,that,THAT [78]
1714,5.52,magic,MAGIC [392]
1715,5.5,eyebrow,EYEBROW [1173]
1716,5.5,comb,COMB [1475]
1717,5.5,spring,SPRINGTIME [1537]
1718,5.5,bake,BAKE [183]
1719,5.5,cloudy,CLOUDY [2341]
1720,5.5,broom,BROOM [245]
1721,5.5,different,DIFFERENT [2504]
1722,5.5,dizzy,GET DIZZY [2712]
1723,5.5,tube,TUBE [2956]
1724,5.5,grandparent,GRANDPARENTS [305]
1725,5.5,raincoat,RAINCOAT [3712]
1726,5.5,pinch,PINCH [378]
1727,5.5,piano,PIANO (INSTRUMENT) [3994]
1728,5.5,pay,PAY [718]
1729,5.5,shelf,SHELF [745]
1730,5.480882,saturday,SATURDAY [1700]
1731,5.47,shark,SHARK [1110]
1732,5.47,tea,TEA [1373]
1733,5.47,pepper,PEPPER [1385]
1734,5.47,fight,FIGHT [1423]
1735,5.47,otter,OTTER [15]
1736,5.47,deep,DEEP [1593]
1737,5.47,hundred,HUNDRED [1634]
1738,5.47,funny,MERRY [1976]
1739,5.47,snot,NASAL MUCUS (SNOT) [208]
1740,5.47,stretch,STRETCH [214]
1741,5.47,leak,DRIP (EMIT LIQUID) [2253]
1742,5.47,melt,MELT [2334]
1743,5.47,surprise,SURPRISE (FEELING) [3848]
1744,5.47,punishment,PUNISHMENT [390]
1745,5.47,elevator,ELEVATOR [4033]
1746,5.47,waterfall,WATERFALL [943]
1747,5.47,whale,WHALE [957]
1748,5.46507,between,BETWEEN [689]
1749,5.46,honest,HONEST [1120]
1750,5.454413,before,BEFORE [1882]
1751,5.454413,half,HALF [816]
1752,5.45,bruise,BRUISE [1148]
1753,5.45,sword,SWORD [1535]
1754,5.45,lawn,LAWN [3990]
1755,5.440134,sunday,SUNDAY [1699]
1756,5.44,rope,ROPE [1218]
1757,5.44,forgive,FORGIVE [1528]
1758,5.44,obey,OBEY [1635]
1759,5.44,proud,PROUD [174]
1760,5.44,guess,GUESS [1932]
1761,5.44,sight,SEEING (VISUAL SENSE) [2519]
1762,5.44,honey,HONEY [942]
1763,5.43,answer,ANSWER [1275]
1764,5.43,easy,EASY [686]
1765,5.42,whistle,WHISTLE [1025]
1766,5.42,squeeze,SQUEEZE [1414]
1767,5.42,hammer,HAMMER [1481]
1768,5.42,king,KING [1508]
1769,5.42,igloo,IGLOO [2592]
1770,5.42,height,HEIGHT [2985]
1771,5.42,tip,TIP (OF OBJECT) [2992]
1772,5.42,blackboard,BLACKBOARD [3084]
1773,5.42,lipstick,LIPSTICK [3093]
1774,5.42,nail,NAIL (TOOL) [502]
1775,5.42,lizard,LIZARD [632]
1776,5.42,seal,SEAL [651]
1777,5.42,beak,BEAK [73]
1778,5.42,cover,COVER [761]
1779,5.42,seagull,SEAGULL [950]
1780,5.411785,near,NEAR [1942]
1781,5.4,moustache,MOUSTACHE [1165]
1782,5.4,beginning,BEGINNING [1557]
1783,5.4,listen,LISTEN [1608]
1784,5.4,tasty,TASTY [1813]
1785,5.39,secret,SECRET [1121]
1786,5.39,float,FLOAT [1574]
1787,5.39,pony,FOAL [1647]
1788,5.39,pass,PASS [1951]
1789,5.39,way,PATH OR ROAD [2457]
1790,5.39,laughter,LAUGHTER [2958]
1791,5.39,windy,WINDY [3758]
1792,5.39,spot,SPOT [519]
1793,5.37,web,SPIDER WEB [1065]
1794,5.37,earth,EARTH (SOIL) [1228]
1795,5.37,candle,CANDLE [1273]
1796,5.37,sauce,SAUCE [132]
1797,5.37,tool,TOOL [1361]
1798,5.37,soup,SOUP [1547]
1799,5.37,mind,MIND [1562]
1800,5.37,correct,CORRECT (RIGHT) [1725]
1801,5.37,magician,MAGICIAN [2137]
1802,5.37,puddle,PUDDLE [2290]
1803,5.37,skate,SKATE [3129]
1804,5.37,barefooted,BAREFOOT [3737]
1805,5.37,disappear,DISAPPEAR [485]
1806,5.37,death,DEATH [910]
1807,5.3585,how,HOW [1239]
1808,5.3585,if,IF [1459]
1809,5.3585,seven,SEVEN [1704]
1810,5.3585,eight,EIGHT [1705]
1811,5.3585,saw,SAW [1948]
1812,5.35,earthworm,EARTHWORM [2350]
1813,5.35,robot,ROBOT [4006]
1814,5.33,salty,SALTY [1091]
1815,5.33,other,OTHER [197]
1816,5.33,flag,FLAG [2623]
1817,5.33,raspberry,RASPBERRY [3803]
1818,5.33,noisy,NOISY [3883]
1819,5.33,bless,BLESS [391]
1820,5.33,garden,GARDEN [586]
1821,5.33,heat,HEAT [612]
1822,5.33,ship,SHIP [740]
1823,5.33,jaw,JAW [798]
1824,5.32,allow,PERMIT [1003]
1825,5.32,needle,NEEDLE (FOR SEWING) [1382]
1826,5.32,clay,CLAY [1399]
1827,5.32,beetle,BEETLE [2242]
1828,5.32,gate,GATE [2940]
1829,5.32,guitar,GUITAR [3090]
1830,5.32,rake,RAKE [338]
1831,5.32,hay,HAY [342]
1832,5.32,windmill,WINDMILL [3841]
1833,5.32,skunk,SKUNK [3888]
1834,5.32,shy,SHY [487]
1835,5.32,world,WORLD [965]
1836,5.305215,back,BACK [1291]
1837,5.305215,zero,ZERO [1294]
1838,5.305215,early,EARLY [672]
1839,5.3,yawn,YAWN [1028]
1840,5.3,climb,CLIMB [1102]
1841,5.3,cloth,CLOTH [1616]
1842,5.3,break,BREAK (DESTROY OR GET DESTROYED) [680]
1843,5.297516,noodles,NOODLE [973]
1844,5.28,undress,UNDRESS [1755]
1845,5.28,crab,CRAB [2348]
1846,5.28,late,LATE [477]
1847,5.28,bottom,BOTTOM [690]
1848,5.28,repeat,REPEAT [880]
1849,5.262587,their,THEIR [2400]
1850,5.262587,still,STILL (CONTINUING) [2919]
1851,5.26,grandchild,GRANDCHILD [1617]
1852,5.26,shake,SHAKE [1909]
1853,5.26,pick,PICK [2148]
1854,5.26,happen,HAPPEN [248]
1855,5.26,prince,PRINCE (RULER) [2554]
1856,5.26,helicopter,HELICOPTER [2580]
1857,5.26,painting,PICTURE (PAINTING) [3303]
1858,5.26,jungle,JUNGLE [3808]
1859,5.26,drive,DRIVE [741]
1860,5.26,stomach,STOMACH [819]
1861,5.26,boring,BORING [905]
1862,5.25193,now,NOW [1376]
1863,5.25193,six,SIX [1703]
1864,5.25193,there,THERE [1937]
1865,5.25193,tight,TIGHT [3053]
1866,5.25193,nobody,NOBODY [3887]
1867,5.25,radish,RADISH [2365]
1868,5.25,ribbon,RIBBON [2969]
1869,5.24,year,YEAR [1226]
1870,5.22,wagon,CART [122]
1871,5.22,chain,CHAIN [1627]
1872,5.22,amazing,AMAZING [1863]
1873,5.22,cradle,CRADLE [2946]
1874,5.22,postman,POSTMAN [3095]
1875,5.22,rag,RAG [332]
1876,5.22,dentist,DENTIST [3876]
1877,5.22,sweater,SWEATER [4035]
1878,5.22,fur,FUR [580]
1879,5.22,shell,SHELL [598]
1880,5.22,land,LAND [626]
1881,5.21,beaver,BEAVER [1194]
1882,5.21,goat,GOAT [1502]
1883,5.21,nut,NUT [191]
1884,5.21,corner,CORNER [192]
1885,5.21,free,FREE [2316]
1886,5.21,birth,BIRTH (ACCOUCHEMENT) [2805]
1887,5.21,jingle,JINGLE (INSTRUMENT) [3993]
1888,5.209302,frost,FROST [2034]
1889,5.209302,own,OWN [684]
1890,5.209302,nothing,NOTHING [687]
1891,5.209302,berry,BERRY [904]
1892,5.2,joke,JOKE [3425]
1893,5.2,broccoli,BROCCOLI [3726]
1894,5.187988,tomorrow,TOMORROW [1329]
1895,5.187988,front,FRONT (PART) [2194]
1896,5.17,fairy,FAIRY [1138]
1897,5.17,bark,BARK [1204]
1898,5.17,heart,HEART [1223]
1899,5.17,radio,RADIO [1315]
1900,5.17,dead,DEAD [1625]
1901,5.17,deer,DEER [1936]
1902,5.17,caterpillar,CATERPILLAR [2247]
1903,5.17,dummy,PACIFIER [3087]
1904,5.17,swallow,SWALLOW [897]
1905,5.17,love,LOVE [923]
1906,5.16,tent,TENT [1316]
1907,5.16,skinny,THIN (SLIM) [1400]
1908,5.16,itchy,ITCHY [149]
1909,5.16,fisherman,FISHERMAN [1858]
1910,5.16,touch,TOUCH [1892]
1911,5.16,pond,POND [2035]
1912,5.16,ink,INK [2643]
1913,5.16,photo,PICTURE (PHOTOGRAPH) [3304]
1914,5.16,carry,CARRY [700]
1915,5.16,time,TIME [892]
1916,5.15,goose,GOOSE [1187]
1917,5.15,church,CHURCH [1349]
1918,5.15,fat,FAT (ORGANIC SUBSTANCE) [323]
1919,5.14536,child,CHILD [2099]
1920,5.14536,so,OF THIS KIND (SUCH) [2336]
1921,5.11,feel,FEEL [1079]
1922,5.11,follow,FOLLOW [1085]
1923,5.11,town,TOWN [1391]
1924,5.11,week,WEEK [1469]
1925,5.11,rat,RAT [1490]
1926,5.11,branch,BRANCH [1531]
1927,5.11,money,MONEY [1559]
1928,5.11,be,BE [1579]
1929,5.11,dandelion,DANDELION [1800]
1930,5.11,crocodile,CROCODILE [1857]
1931,5.11,camel,CAMEL [1871]
1932,5.11,mix,MIX [2017]
1933,5.11,campfire,CAMPFIRE [2986]
1934,5.11,cheat,SWINDLE [3055]
1935,5.11,mop,MOP (SOMETHING) [3120]
1936,5.11,safe,SAFE [3762]
1937,5.11,nest,NEST [539]
1938,5.11,plastic,PLASTIC [654]
1939,5.11,part,PART [779]
1940,5.11,pen,PEN [794]
1941,5.11,hell,HELL [878]
1942,5.1,mattress,MATTRESS [105]
1943,5.1,bride,BRIDE [1266]
1944,5.1,toenail,TOENAIL [2662]
1945,5.1,add,ADD [2882]
1946,5.1,snake,SNAKE [730]
1947,5.092075,her,HER (GENITIVE OF SHE) [2474]
1948,5.09,throat,THROAT [1346]
1949,5.070761,never,NEVER [1656]
1950,5.06,ghost,GHOST [1175]
1951,5.06,neighbor,NEIGHBOUR [1332]
1952,5.06,spit,SPIT [1440]
1953,5.06,cheek,CHEEK [1730]
1954,5.06,dust,DUST [2]
1955,5.06,fill,FILL [2006]
1956,5.06,cage,CAGE [3283]
1957,5.06,powder,POWDER [3368]
1958,5.06,walrus,WALRUS [4007]
1959,5.06,spicy,SPICY [544]
1960,5.06,opposite,OPPOSITE [885]
1961,5.05,salt,SALT [1274]
1962,5.05,chest,CHEST [1592]
1963,5.05,hole,HOLE [1667]
1964,5.05,gift,GIFT [2982]
1965,5.05,itch,ITCH (CAUSE ITCHING OR FEEL ITCHY) [3855]
1966,5.05,motorcycle,MOTORCYCLE [638]
1967,5.05,police,POLICE [656]
1968,5.03879,we,WE [1212]
1969,5.017476,fox,FOX [1312]
1970,5.006819,those,THOSE (PLURAL OF THAT) [3985]
1971,5,open,OPEN [1156]
1972,5,spin,SPIN [121]
1973,5,bathe,BATHE [138]
1974,5,shadow,SHADE [1388]
1975,5,pour,POUR [1487]
1976,5,necklace,NECKLACE [1961]
1977,5,self,SELF [1993]
1978,5,fix,FIX [3074]
1979,5,giraffe,GIRAFFE [3089]
1980,5,sadness,SADNESS [3854]
1981,5,devil,DEVIL [3917]
1982,5,peanut,GROUNDNUT (PEANUT) [595]
1983,5,bee,BEE [665]
1984,5,roof,ROOF [769]
1985,4.974848,once,ONE TIME [374]
1986,4.953534,only,ONLY [1580]
1987,4.953534,each,EVERY (EACH) [3416]
1988,4.95,daughter,DAUGHTER [1357]
1989,4.95,fold,FOLD [1470]
1990,4.95,cousin,COUSIN [1643]
1991,4.95,library,LIBRARY [2428]
1992,4.95,curtain,CURTAIN [2621]
1993,4.95,rinse,RINSE [2904]
1994,4.95,mustard,MUSTARD [3181]
1995,4.95,tall,TALL [711]
1996,4.95,place,PLACE (POSITION) [723]
1997,4.95,woman,WOMAN [962]
1998,4.95,bow,BOW [994]
1999,4.94,coffee,COFFEE [1299]
2000,4.94,mouse,MOUSE [1491]
2001,4.94,alone,ALONE [1964]
2002,4.94,sleeve,SLEEVE [2953]
2003,4.94,string,STRING [362]
2004,4.94,storm,STORM [858]
2005,4.94,spinach,SPINACH [975]
2006,4.93222,this,THIS [1214]
2007,4.93222,down,DOWN [1326]
2008,4.93222,four,FOUR [1500]
2009,4.921563,someone,SOMEONE [2422]
2010,4.91,dinosaur,DINOSAUR [4021]
2011,4.900249,very,VERY [1311]
2012,4.900249,behind,BEHIND [1686]
2013,4.9,bush,BUSH [1683]
2014,4.9,river,RIVER [666]
2015,4.89,hope,HOPE [1092]
2016,4.89,thunder,THUNDER [1150]
2017,4.89,mirror,MIRROR [1171]
2018,4.89,medicine,MEDICINE [1372]
2019,4.89,gum,GUMS [139]
2020,4.89,freeze,FREEZE [1431]
2021,4.89,tear,TEAR (OF EYE) [1651]
2022,4.89,write,WRITE [1672]
2023,4.89,sour,SOUR [1906]
2024,4.89,gentle,GENTLE [1954]
2025,4.89,bunch,BUNCH [1966]
2026,4.89,ground,GROUND [2159]
2027,4.89,wire,WIRE [2631]
2028,4.89,colorful,COLORFUL [2997]
2029,4.89,kind,KIND [3299]
2030,4.89,liar,LIAR [3470]
2031,4.89,unhappy,UNHAPPY [3974]
2032,4.89,dish,DISH [481]
2033,4.89,piece,PIECE [594]
2034,4.89,ankle,ANKLE [803]
2035,4.89,poisonous,POISONOUS [888]
2036,4.89,garbage,GARBAGE [909]
2037,4.89,blood,BLOOD [946]
2038,4.88,dream,DREAM [2374]
2039,4.878935,far,FAR [1406]
2040,4.878935,they,THEY [817]
2041,4.85,line,LINE [1048]
2042,4.85,bat,BAT [1793]
2043,4.846964,some,SOME [1241]
2044,4.84,horn,HORN (ANATOMY) [1393]
2045,4.84,begin,BEGIN [1806]
2046,4.84,size,SIZE (OF OBJECT) [2845]
2047,4.84,ladybug,LADYBUG [3139]
2048,4.84,untie,UNTIE [352]
2049,4.84,potato,POTATO [593]
2050,4.84,beard,BEARD [678]
2051,4.84,share,SHARE [884]
2052,4.83,darkness,DARKNESS [11]
2053,4.83,moon,MOON [1313]
2054,4.83,voice,VOICE [1363]
2055,4.83,wipe,WIPE [1454]
2056,4.83,unicorn,UNICORN [2601]
2057,4.82565,soon,SOON [703]
2058,4.804336,sixteen,SIXTEEN [2454]
2059,4.8,elephant,ELEPHANT [1290]
2060,4.8,mask,MASK [2005]
2061,4.8,beach,BEACH [3460]
2062,4.79,wing,WING [1257]
2063,4.79,fear,FEAR (BE AFRAID) [1419]
2064,4.79,pull,PULL [1455]
2065,4.79,empty,EMPTY [1624]
2066,4.79,zebra,ZEBRA [3675]
2067,4.79,roar,ROAR [3896]
2068,4.79,sandwich,SANDWICH [4008]
2069,4.79,grow,GROW [479]
2070,4.78,forget,FORGET [1523]
2071,4.78,alligator,ALLIGATOR [1581]
2072,4.78,button,BUTTON [757]
2073,4.78,witch,WITCH [824]
2074,4.78,pumpkin,PUMPKIN [864]
2075,4.78,elbow,ELBOW [981]
2076,4.772365,today,TODAY [1283]
2077,4.772365,inside,INSIDE [1606]
2078,4.76,lightning,LIGHTNING [1654]
2079,4.76,store,STORE [752]
2080,4.75,round,ROUND [1395]
2081,4.75,hit,HIT [1433]
2082,4.75,think,THINK [2271]
2083,4.75,insect,INSECT [620]
2084,4.74,call,CALL [1084]
2085,4.74,cross,CROSS [1367]
2086,4.74,window,WINDOW [1375]
2087,4.74,sea,SEA [1474]
2088,4.74,meal,MEAL [1526]
2089,4.74,letter,LETTER [1612]
2090,4.74,choose,CHOOSE [1750]
2091,4.74,meet,MEET [1831]
2092,4.74,pocket,POCKET [1851]
2093,4.74,tie,TIE [1917]
2094,4.74,lemon,LEMON [3091]
2095,4.74,lift,LIFT [501]
2096,4.74,ocean,OCEAN [645]
2097,4.74,farmer,FARMER [979]
2098,4.72,ox,OX [1169]
2099,4.72,new,NEW [1231]
2100,4.72,rule,RULE [1846]
2101,4.72,burn,BURN [2102]
2102,4.72,fishing,FISHING [2638]
2103,4.72,pan,PAN [31]
2104,4.72,shower,SHOWER (ACTION) [3128]
2105,4.72,side,SIDE [682]
2106,4.72,seed,SEED [714]
2107,4.72,shout,SHOUT [715]
2108,4.71,fall,FALL [1280]
2109,4.7,doorknob,DOORKNOB [4030]
2110,4.7,claw,CLAW [72]
2111,4.7,low,LOW [721]
2112,4.697766,middle,MIDDLE [1093]
2113,4.68,born,BE BORN [1090]
2114,4.68,second,SECOND [1384]
2115,4.68,granddaughter,GRANDDAUGHTER [1619]
2116,4.68,adult,ADULT [3635]
2117,4.68,naked,NAKED [590]
2118,4.68,make,MAKE [734]
2119,4.67,glue,GLUE [1069]
2120,4.67,feather,FEATHER [1201]
2121,4.67,hold,HOLD [1448]
2122,4.67,burp,BURP [2789]
2123,4.67,cone,CONE [287]
2124,4.67,slap,SLAP [3160]
2125,4.67,ride,RIDE [367]
2126,4.67,person,PERSON [683]
2127,4.67,teach,TEACH [709]
2128,4.65,warm,WARM [1232]
2129,4.65,mail,MAIL [167]
2130,4.65,afternoon,AFTERNOON [1807]
2131,4.65,sailboat,SAILBOAT [4026]
2132,4.644481,TRUE,TRUE [1657]
2133,4.63,telephone,TELEPHONE [1379]
2134,4.63,dance,DANCE [1879]
2135,4.63,knock,KNOCK [2396]
2136,4.63,polite,POLITE [3300]
2137,4.63,sand,SAND [671]
2138,4.63,drum,DRUM [908]
2139,4.63,wear,WEAR [976]
2140,4.62,tired,TIRED [1757]
2141,4.62,mat,MAT [195]
2142,4.62,move,MOVE [765]
2143,4.62,belt,BELT [772]
2144,4.61,young,YOUNG [1207]
2145,4.61,danger,DANGER [1810]
2146,4.61,rug,RUG [292]
2147,4.61,argue,QUARREL (VERB) [3302]
2148,4.61,corn,MAIZE [506]
2149,4.61,lake,LAKE [624]
2150,4.61,catch,CATCH [702]
2151,4.61,tomato,TOMATO [986]
2152,4.601853,many,MANY [1198]
2153,4.601853,but,BUT [3843]
2154,4.6,silence,SILENCE [3458]
2155,4.6,doctor,PHYSICIAN [597]
2156,4.6,leaf,LEAF [628]
2157,4.580539,yesterday,YESTERDAY [1174]
2158,4.580539,third,THIRD [1859]
2159,4.580539,much,MUCH [3452]
2160,4.58,high,HIGH [1265]
2161,4.58,street,STREET [1362]
2162,4.58,fist,FIST [1473]
2163,4.58,wood,WOOD [1803]
2164,4.58,cool,COLD (OF WEATHER) [2483]
2165,4.58,sunshine,SUNSHINE [3276]
2166,4.58,thing,THING [738]
2167,4.58,strong,STRONG [785]
2168,4.58,must,MUST [971]
2169,4.569882,and,AND [1577]
2170,4.56,scissor,CUT (WITH SCISSORS) [2155]
2171,4.56,pretend,PRETEND [3631]
2172,4.55,teacher,TEACHER [1038]
2173,4.55,dirty,DIRTY [1230]
2174,4.55,point,POINT (WITH FINGER) [2669]
2175,4.55,road,ROAD [667]
2176,4.548568,above,ABOVE [1741]
2177,4.537911,loud,LOUD [377]
2178,4.53,bull,BULL [1008]
2179,4.53,ring,RING [1374]
2180,4.53,die,DIE [1494]
2181,4.53,let,CAUSE TO (LET) [2896]
2182,4.53,stinky,STINKING [42]
2183,4.53,pin,PIN [64]
2184,4.53,sweet,SWEET [717]
2185,4.53,stranger,STRANGER [791]
2186,4.50594,five,FIVE [493]
2187,4.5,close,SHUT [1046]
2188,4.5,noise,NOISE [1182]
2189,4.5,shoulder,SHOULDER [1482]
2190,4.5,dumb,DUMB [1492]
2191,4.5,use,USE (VERB) [2072]
2192,4.5,rattle,RATTLE [300]
2193,4.5,barn,BARN OR SHED [3025]
2194,4.5,sofa,SOFA [3099]
2195,4.5,scissors,SHEARS [356]
2196,4.5,know,KNOW [3626]
2197,4.5,wolf,WOLF [522]
2198,4.484626,twelve,TWELVE [1707]
2199,4.48,skin,SKIN [763]
2200,4.47,sink,SINK (DESCEND) [1088]
2201,4.47,tongue,TONGUE [1205]
2202,4.47,uncle,UNCLE [1327]
2203,4.47,run,RUN [1519]
2204,4.47,hide,HIDE [2486]
2205,4.47,shape,SHAPE [3747]
2206,4.47,glass,GLASS [604]
2207,4.47,roll,ROLL [827]
2208,4.45,angry,ANGRY [1826]
2209,4.45,build,BUILD [1840]
2210,4.45,paint,PAINT (PIGMENTS) [647]
2211,4.441998,because,BECAUSE [1157]
2212,4.441998,with,WITH [1340]
2213,4.441998,from,FROM [693]
2214,4.44,squirrel,SQUIRREL [1628]
2215,4.44,floor,FLOOR [1632]
2216,4.44,learn,LEARN [504]
2217,4.44,hurry,HURRY [754]
2218,4.44,stone,STONE [857]
2219,4.43,cut,CUT [1432]
2220,4.42,queen,QUEEN [1306]
2221,4.42,clock,CLOCK [1323]
2222,4.42,knee,KNEE [1371]
2223,4.42,lion,LION [1386]
2224,4.42,keep,KEEP [1477]
2225,4.42,word,WORD [1599]
2226,4.42,truth,TRUTH [1638]
2227,4.42,thumb,THUMB [1781]
2228,4.42,silent,BE SILENT [48]
2229,4.42,meat,MEAT [634]
2230,4.42,bring,BRING [692]
2231,4.4,juice,JUICE [1499]
2232,4.4,stupid,STUPID [1518]
2233,4.4,wheel,WHEEL [710]
2234,4.39937,ladder,LADDER [1464]
2235,4.39937,it,IT [169]
2236,4.39,grandfather,GRANDFATHER [1383]
2237,4.39,stand,STAND [1442]
2238,4.39,table,TABLE [1775]
2239,4.39,hard,HARD [1884]
2240,4.388713,first,FIRST [728]
2241,4.38,winter,WINTER [1471]
2242,4.38,age,AGE [1789]
2243,4.37,take,TAKE [1749]
2244,4.37,balloon,BALLOON [3083]
2245,4.37,hamster,HAMSTER [3147]
2246,4.35,bump,SWELLING [1903]
2247,4.35,tickle,TICKLE (SOMEBODY) [3647]
2248,4.346085,right,RIGHT [1019]
2249,4.346085,you,YOU [1213]
2250,4.346085,next,NEXT [1354]
2251,4.346085,last,LAST (FINAL) [1529]
2252,4.346085,glasses,SPECTACLES [1898]
2253,4.346085,god,GOD [1944]
2254,4.346085,christmas,CHRISTMAS [2405]
2255,4.346085,our,OUR [780]
2256,4.33,summer,SUMMER [1342]
2257,4.33,cheese,CHEESE [1569]
2258,4.33,watch,WATCH [1650]
2259,4.33,toothbrush,TOOTHBRUSH [2579]
2260,4.32,elf,ELF [1037]
2261,4.32,short,SHORT [1645]
2262,4.32,sign,SIGN [1720]
2263,4.32,shiny,SHINY [3977]
2264,4.32,frog,FROG [503]
2265,4.32,ant,ANT [587]
2266,4.32,stove,STOVE [859]
2267,4.32,cough,COUGH [879]
2268,4.32,can,BE ABLE [972]
2269,4.3,box,BOX [1465]
2270,4.3,stink,SMELL (STINK) [1587]
2271,4.3,wait,WAIT (FOR) [1590]
2272,4.3,lick,LICK [319]
2273,4.3,glove,GLOVE [867]
2274,4.28,give,GIVE [1447]
2275,4.28,body,BODY [1480]
2276,4.28,kid,YOUNG GOAT (KID) [1972]
2277,4.28,bag,BAG [2468]
2278,4.28,bleed,BLEED [3615]
2279,4.28,lettuce,LETTUCE [3729]
2280,4.28,end,END (OF SPACE) [742]
2281,4.26,song,SONG [1096]
2282,4.26,change,CHANGE [1264]
2283,4.26,push,PUSH [1452]
2284,4.26,bowl,BOWL [1530]
2285,4.26,tell,TELL [1711]
2286,4.26,rainbow,RAINBOW [1733]
2287,4.26,pain,PAIN [1783]
2288,4.26,taste,TASTE (SOMETHING) [21]
2289,4.26,game,GAME [2467]
2290,4.26,whisper,WHISPER [55]
2291,4.26,bicycle,BICYCLE [747]
2292,4.26,wave,WAVE [978]
2293,4.25,sheep,SHEEP [1331]
2294,4.24,full,FULL [1429]
2295,4.239515,long,LONG [1203]
2296,4.239515,when,WHEN [1238]
2297,4.239515,two,TWO [1498]
2298,4.239515,forward,FORWARD [2912]
2299,4.239515,all,ALL [98]
2300,4.22,cook,COOK (SOMETHING) [1100]
2301,4.22,wrong,WRONG [1390]
2302,4.22,room,ROOM [1450]
2303,4.22,chin,CHIN [1510]
2304,4.22,heaven,HEAVEN [1565]
2305,4.22,rest,REST [168]
2306,4.22,smell,SMELL [2124]
2307,4.22,straw,STRAW [2299]
2308,4.22,watermelon,WATERMELON [2766]
2309,4.22,stairs,STAIRS [34]
2310,4.22,win,WIN [866]
2311,4.21,monkey,MONKEY [1350]
2312,4.21,peach,PEACH [2043]
2313,4.21,bench,BENCH [2584]
2314,4.21,strawberry,STRAWBERRY [3138]
2315,4.21,melon,MELON [507]
2316,4.2,sweep,SWEEP [230]
2317,4.2,scream,SCREAM (PRODUCE A CRY) [3809]
2318,4.196887,brown,BROWN [2409]
2319,4.19,dig,DIG [1418]
2320,4.18623,us,US (OBLIQUE CASE OF WE) [2310]
2321,4.17,turtle,TURTLE [112]
2322,4.17,swim,SWIM [1439]
2323,4.17,ugly,UGLY [1548]
2324,4.17,sneeze,SNEEZE [1621]
2325,4.17,sky,SKY [1732]
2326,4.17,coin,COIN [1867]
2327,4.17,feed,FEED [739]
2328,4.17,vegetable,VEGETABLES [924]
2329,4.16,want,WANT [1784]
2330,4.16,swing,SWING [3101]
2331,4.15,quiet,QUIET [1314]
2332,4.15,apple,APPLE [1320]
2333,4.15,knife,KNIFE [1352]
2334,4.15,horse,HORSE [615]
2335,4.15,slow,SLOW [701]
2336,4.15,lamb,LAMB [820]
2337,4.143602,or,OR [1014]
2338,4.14,throw,THROW [1456]
2339,4.11,step,STEP [1158]
2340,4.11,father,FATHER [1217]
2341,4.11,dry,DRY [1398]
2342,4.11,breathe,BREATHE [1407]
2343,4.11,turn,TURN [1588]
2344,4.11,television,TELEVISION [1788]
2345,4.11,draw,PAINTING [2001]
2346,4.11,refrigerator,REFRIGERATOR [3952]
2347,4.11,read,READ [724]
2348,4.11,snow,SNOW [784]
2349,4.11,square,SQUARE [850]
2350,4.100974,your,YOUR (SINGULAR) [732]
2351,4.1,play,PLAY [1413]
2352,4.090317,where,WHERE [1237]
2353,4.090317,pretty,GOOD-LOOKING [2410]
2354,4.06,kick,KICK [1135]
2355,4.06,white,WHITE [1335]
2356,4.06,pencil,PENCIL [2578]
2357,4.06,sticky,STICKY [3703]
2358,4.05,heavy,HEAVY [1210]
2359,4.05,belly,BELLY [1251]
2360,4.05,look,LOOK [1819]
2361,4.05,sick,SICK [1847]
2362,4.05,fish,FISH [227]
2363,4.05,picture,PICTURE [2401]
2364,4.05,chew,CHEW [321]
2365,4.05,pet,PET [3780]
2366,4.05,dress,DRESS [474]
2367,4.05,light,LIGHT (RADIATION) [630]
2368,4.05,mud,MUD [640]
2369,4.037032,at,AT [1461]
2370,4,fingernail,FINGERNAIL [1258]
2371,4,morning,MORNING [1339]
2372,4,wash,WASH [1453]
2373,4,color,COLOR [1613]
2374,4,girl,GIRL [1646]
2375,4,blow,BLOW (OF WIND) [175]
2376,4,hurt,HURT (SOMEBODY) [2411]
2377,4,lamp,LAMP [625]
2378,4,paper,PAPER [648]
2379,4,smoke,SMOKE (EXHAUST) [778]
2380,4,tiger,TIGER [846]
2381,4,candy,CANDY [874]
2382,4,train,TRAIN [900]
2383,4,pear,PEAR [922]
2384,3.99,dinner,DINNER (SUPPER) [1833]
2385,3.97309,why,WHY [1270]
2386,3.95,cold,COLD [1287]
2387,3.95,soft,SOFT [1856]
2388,3.95,pea,PEA [2025]
2389,3.95,turkey,TURKEY [2386]
2390,3.95,jacket,JACKET [2770]
2391,3.95,plant,PLANT (VEGETATION) [653]
2392,3.95,sugar,SUGAR [862]
2393,3.94,cow,COW [1007]
2394,3.94,rabbit,RABBIT [1136]
2395,3.94,number,NUMBER [1356]
2396,3.94,airplane,AIRPLANE [1597]
2397,3.94,air,AIR [27]
2398,3.94,grass,GRASS [606]
2399,3.94,yard,YARD [736]
2400,3.94,grape,GRAPE [920]
2401,3.9,bedroom,BEDROOM [2505]
2402,3.89,worm,WORM [1219]
2403,3.89,stick,STICK [1295]
2404,3.89,star,STAR [1430]
2405,3.89,top,TOP [1753]
2406,3.89,story,STORY [2060]
2407,3.89,bell,BELL [2246]
2408,3.89,boot,BOOT [585]
2409,3.89,school,SCHOOL [673]
2410,3.89,clean,CLEAN [704]
2411,3.89,egg,EGG [744]
2412,3.89,thirsty,THIRSTY [847]
2413,3.89,crawl,CRAWL [96]
2414,3.89,wind,WIND [960]
2415,3.887834,not,NOT [1240]
2416,3.86652,home,HOME [2406]
2417,3.861149,kids,CHILD (YOUNG HUMAN) [1304]
2418,3.86,ice,ICE [617]
2419,3.855863,what,WHAT [1236]
2420,3.85,bus,BUS [1070]
2421,3.85,farm,FARM [201]
2422,3.84,baby,BABY [1289]
2423,3.84,pig,PIG [1337]
2424,3.84,boat,BOAT [1844]
2425,3.84,spill,SPILL (SOMETHING) [3130]
2426,3.84,plate,PLATE [480]
2427,3.83,dirt,DIRT [25]
2428,3.83,eyeball,EYEBALL [3807]
2429,3.813235,he,HE [1211]
2430,3.813235,who,WHO [1235]
2431,3.81,music,MUSIC [642]
2432,3.8,aunt,AUNT [1272]
2433,3.8,hear,HEAR [1408]
2434,3.8,pink,PINK [3446]
2435,3.79,bug,BUG [1027]
2436,3.79,laugh,LAUGH [1355]
2437,3.79,green,GREEN [1425]
2438,3.79,thank,THANK (SOMEBODY) [2412]
2439,3.79,scared,SCARED [3033]
2440,3.79,bubble,BUBBLE [3689]
2441,3.79,truck,TRUCK [4011]
2442,3.79,lip,LIP [478]
2443,3.79,wall,WALL (OF HOUSE) [933]
2444,3.781264,more,MORE [1992]
2445,3.78,son,SON [1620]
2446,3.78,brush,BRUSH [1821]
2447,3.78,banana,BANANA [868]
2448,3.75995,hello,HELLO [3553]
2449,3.75,eye,EYE [1248]
2450,3.75,lie,LIE (REST) [1411]
2451,3.75,face,FACE [1560]
2452,3.74,dark,DARK [706]
2453,3.738636,here,HERE [136]
2454,3.738636,fast,FAST [1631]
2455,3.72,old,OLD [1229]
2456,3.72,sound,SOUND (OF INSTRUMENT OR VOICE) [2879]
2457,3.72,clown,CLOWN [4020]
2458,3.72,have,HAVE [773]
2459,3.72,rice,RICE [926]
2460,3.72,put,PUT [998]
2461,3.7,tail,TAIL [1220]
2462,3.685351,like,LIKE [1117]
2463,3.685351,in,IN [1460]
2464,3.685351,his,HIS (GENITIVE OF HE) [2473]
2465,3.685351,three,THREE [492]
2466,3.68,cat,CAT [1208]
2467,3.68,sister,SISTER [1263]
2468,3.68,kitchen,KITCHEN [1365]
2469,3.68,name,NAME [1405]
2470,3.68,red,RED [156]
2471,3.68,doll,DOLL [1659]
2472,3.68,lady,LADY [2471]
2473,3.68,talk,TALK [2708]
2474,3.68,book,BOOK [963]
2475,3.67,boy,BOY [1366]
2476,3.67,circle,CIRCLE [1467]
2477,3.67,grandmother,GRANDMOTHER [1496]
2478,3.67,butterfly,BUTTERFLY [1791]
2479,3.67,splash,SPLASH [365]
2480,3.65,help,HELP [1897]
2481,3.63,ear,EAR [1247]
2482,3.63,brother,BROTHER [1262]
2483,3.63,fork,FORK [1302]
2484,3.63,cloud,CLOUD [1489]
2485,3.63,fruit,FRUIT [1507]
2486,3.63,hungry,BE HUNGRY [1533]
2487,3.61,night,NIGHT [1233]
2488,3.61,tooth,TOOTH [1380]
2489,3.61,kiss,KISS [578]
2490,3.61,lunch,LUNCH [768]
2491,3.61,blanket,BLANKET [806]
2492,3.6,purple,PURPLE [2452]
2493,3.6,rain,RAIN (PRECIPITATION) [658]
2494,3.6,do,DO [813]
2495,3.58,bread,BREAD [1368]
2496,3.58,bite,BITE [1403]
2497,3.58,key,KEY [1472]
2498,3.58,bear,BEAR [1820]
2499,3.58,coat,COAT [603]
2500,3.58,mouth,MOUTH [674]
2501,3.578781,ten,TEN [1515]
2502,3.578781,outside,OUTSIDE [762]
2503,3.57,friend,FRIEND [1325]
2504,3.57,cup,CUP [476]
2505,3.57,tree,TREE [906]
2506,3.568124,she,SHE [1834]
2507,3.56,bottle,BOTTLE [1321]
2508,3.56,speak,SPEAK [1623]
2509,3.56,black,BLACK [163]
2510,3.56,movie,MOVIE [216]
2511,3.56,need,NEED (SOMETHING) [2339]
2512,3.55,good,GOOD [1035]
2513,3.55,mad,MAD [1899]
2514,3.54,toilet,TOILET [219]
2515,3.53,shirt,SHIRT [1622]
2516,3.53,blue,BLUE [837]
2517,3.52,people,PEOPLE [789]
2518,3.52,bird,BIRD [937]
2519,3.51,smile,SMILE [1451]
2520,3.5,day,DAY (NOT NIGHT) [1225]
2521,3.5,duck,DUCK [1360]
2522,3.482868,please,DELIGHT [1271]
2523,3.47,pillow,PILLOW [1044]
2524,3.47,sing,SING [1261]
2525,3.47,breakfast,BREAKFAST [1322]
2526,3.47,drink,DRINK [1401]
2527,3.47,sit,SIT [1416]
2528,3.47,snowman,SNOWMAN [3098]
2529,3.47,hill,HILL [614]
2530,3.45,walk,WALK [1443]
2531,3.44,foot,FOOT [1301]
2532,3.44,try,TRY [1812]
2533,3.44,sorry,REGRET [1875]
2534,3.43,finger,FINGER [1303]
2535,3.43,chair,CHAIR [1476]
2536,3.43,spider,SPIDER [843]
2537,3.42,head,HEAD [1256]
2538,3.42,say,SAY [1458]
2539,3.42,bean,BEAN [832]
2540,3.4,sun,SUN [1343]
2541,3.4,clap,CLAP [3110]
2542,3.38,family,FAMILY [194]
2543,3.37,car,CAR [1111]
2544,3.37,hot,HOT [1286]
2545,3.37,sleepy,SLEEPY [3620]
2546,3.37,milk,MILK [635]
2547,3.37,go,GO [695]
2548,3.33,chocolate,CHOCOLATE [3873]
2549,3.33,hat,HAT [771]
2550,3.32,come,COME [1446]
2551,3.280385,out,GO OUT [1107]
2552,3.280385,me,ME [2301]
2553,3.280385,fell,CUT DOWN [355]
2554,3.28,puppy,PUPPY [74]
2555,3.26,chicken,CHICKEN [1318]
2556,3.26,arm,ARM [1673]
2557,3.26,cake,CAKE [2408]
2558,3.26,orange,ORANGE (FRUIT) [2627]
2559,3.26,drop,DROP [750]
2560,3.25,fire,FIRE [221]
2561,3.25,food,FOOD [256]
2562,3.24,sad,SAD [699]
2563,3.2271,nine,NINE [1483]
2564,3.2271,one,ONE [1493]
2565,3.22,towel,TOWEL [1021]
2566,3.22,small,SMALL [1246]
2567,3.22,bathtub,BATHTUB [4027]
2568,3.22,rock,ROCK [668]
2569,3.2,yellow,YELLOW [1424]
2570,3.17,hair,HAIR [1040]
2571,3.17,get,GET [694]
2572,3.17,soap,SOAP [788]
2573,3.16,house,HOUSE [1252]
2574,3.15,lap,LAP [3263]
2575,3.11,man,MAN [1554]
2576,3.11,clothes,CLOTHES [1895]
2577,3.11,flower,FLOWER [239]
2578,3.06,see,SEE [1409]
2579,3.05,fly,FLY (MOVE THROUGH AIR) [1441]
2580,3.05,door,DOOR [1567]
2581,3,leg,LEG [1297]
2582,3,neck,NECK [1333]
2583,3,toe,TOE [1389]
2584,3,toy,TOY [2403]
2585,2.95,nose,NOSE [1221]
2586,2.94,sock,SOCK [1522]
2587,2.918047,up,UP [1591]
2588,2.9,ball,BALL [1845]
2589,2.89,big,BIG [1202]
2590,2.89,ask,ASK (INQUIRE) [1309]
2591,2.89,bed,BED [1663]
2592,2.89,stop,HALT (STOP) [2880]
2593,2.89,animal,ANIMAL [619]
2594,2.85,birthday,BIRTHDAY [2407]
2595,2.84,jump,JUMP [1829]
2596,2.8,dog,DOG [2009]
2597,2.790163,I,I [1209]
2598,2.79,bad,BAD [1292]
2599,2.79,sleep,SLEEP [1585]
2600,2.78,eat,EAT [1336]
2601,2.78,cry,CRY [1839]
2602,2.74,hand,HAND [1277]
2603,2.74,carrot,CARROT [3085]
2604,2.72,happy,HAPPY [1495]
2605,2.715564,no,NO [1269]
2606,2.715564,my,MY [2090]
2607,2.63,mother,MOTHER [1216]
2608,2.61,count,COUNT [1420]
2609,2.6,shoe,SHOE [1381]
2610,2.58,hug,EMBRACE [928]
2611,2.5,spoon,SPOON [1378]
2612,2.47,wet,WET [1726]
2613,2.37,water,WATER [948]
2614,2.310598,yes,YES [1268]